time,x,y,z,v_x_g,v_y_g,v_x_bl,v_y_bl,psi_rad,psi_deg,psi_rate,psi_rate_deg
0.0,0.0,0.0,2.0,0.5,0.0,0.5,0.0,0.0,0.0,0.0,0.0
0.010012515644555695,0.01,0.0,2.0,0.5,0.0,0.5,0.0,0.0,0.0,0.0,0.0
0.02002503128911139,0.01,0.0,2.0,0.5,0.0,0.5,0.0,0.0,0.0,0.0,0.0
0.030037546933667086,0.02,0.0,2.0,0.5,0.0,0.5,0.0,0.0,0.0,0.0,0.0
0.04005006257822278,0.02,0.0,2.0,0.5,0.0,0.5,0.0,0.0,0.0,0.0,0.0
0.05006257822277847,0.03,0.0,2.0,0.5,0.0,0.5,0.0,0.0,0.0,0.0,0.0
0.06007509386733417,0.03,0.0,2.0,0.5,0.0,0.5,0.0,0.0,0.0,0.0,0.0
0.07008760951188986,0.04,0.0,2.0,0.5,0.0,0.5,0.0,0.0,0.0,0.0,0.0
0.08010012515644556,0.04,0.0,2.0,0.5,0.0,0.5,0.0,0.0,0.0,0.0,0.0
0.09011264080100126,0.05,0.0,2.0,0.5,0.0,0.5,0.0,0.0,0.0,0.0,0.0
0.10012515644555695,0.05,0.0,2.0,0.5,0.0,0.5,0.0,0.0,0.0,0.0,0.0
0.11013767209011265,0.06,0.0,2.0,0.5,0.0,0.5,0.0,0.0,0.0,0.0,0.0
0.12015018773466835,0.06,0.0,2.0,0.5,0.0,0.5,0.0,0.0,0.0,0.0,0.0
0.13016270337922403,0.07,0.0,2.0,0.5,0.0,0.5,0.0,0.0,0.0,0.0,0.0
0.14017521902377972,0.07,0.0,2.0,0.5,0.0,0.5,0.0,0.0,0.0,0.0,0.0
0.15018773466833543,0.08,0.0,2.0,0.5,0.0,0.5,0.0,0.0,0.0,0.0,0.0
0.16020025031289112,0.08,0.0,2.0,0.5,0.0,0.5,0.0,0.0,0.0,0.0,0.0
0.1702127659574468,0.09,0.0,2.0,0.5,0.0,0.5,0.0,0.0,0.0,0.0,0.0
0.18022528160200252,0.09,0.0,2.0,0.5,0.0,0.5,0.0,0.0,0.0,0.0,0.0
0.1902377972465582,0.1,0.0,2.0,0.5,0.0,0.5,0.0,0.0,0.0,0.0,0.0
0.2002503128911139,0.1,0.0,2.0,0.5,0.0,0.5,0.0,0.0,0.0,0.0,0.0
0.2102628285356696,0.11,0.0,2.0,0.5,0.0,0.5,0.0,0.0,0.0,0.0,0.0
0.2202753441802253,0.11,0.0,2.0,0.5,0.0,0.5,0.0,0.0,0.0,0.0,0.0
0.23028785982478098,0.12,0.0,2.0,0.5,0.0,0.5,0.0,0.0,0.0,0.0,0.0
0.2403003754693367,0.12,0.0,2.0,0.5,0.0,0.5,0.0,0.0,0.0,0.0,0.0
0.2503128911138924,0.13,0.0,2.0,0.5,0.0,0.5,0.0,0.0,0.0,0.0,0.0
0.26032540675844806,0.13,0.0,2.0,0.5,0.0,0.5,0.0,0.0,0.0,0.0,0.0
0.27033792240300375,0.14,0.0,2.0,0.5,0.0,0.5,0.0,0.0,0.0,0.0,0.0
0.28035043804755944,0.14,0.0,2.0,0.5,0.0,0.5,0.0,0.0,0.0,0.0,0.0
0.2903629536921152,0.15,0.0,2.0,0.5,0.0,0.5,0.0,0.0,0.0,0.0,0.0
0.30037546933667086,0.15,0.0,2.0,0.5,0.0,0.5,0.0,0.0,0.0,0.0,0.0
0.31038798498122655,0.16,0.0,2.0,0.5,0.0,0.5,0.0,0.0,0.0,0.0,0.0
0.32040050062578224,0.16,0.0,2.0,0.5,0.0,0.5,0.0,0.0,0.0,0.0,0.0
0.3304130162703379,0.17,0.0,2.0,0.5,0.0,0.5,0.0,0.0,0.0,0.0,0.0
0.3404255319148936,0.17,0.0,2.0,0.5,0.0,0.5,0.0,0.0,0.0,0.0,0.0
0.3504380475594493,0.18,0.0,2.0,0.5,0.0,0.5,0.0,0.0,0.0,0.0,0.0
0.36045056320400504,0.18,0.0,2.0,0.5,0.0,0.5,0.0,0.0,0.0,0.0,0.0
0.3704630788485607,0.19,0.0,2.0,0.5,0.0,0.5,0.0,0.0,0.0,0.0,0.0
0.3804755944931164,0.19,0.0,2.0,0.5,0.0,0.5,0.0,0.0,0.0,0.0,0.0
0.3904881101376721,0.2,0.0,2.0,0.5,0.0,0.5,0.0,0.0,0.0,0.0,0.0
0.4005006257822278,0.2,0.0,2.0,0.5,0.0,0.5,0.0,0.0,0.0,0.0,0.0
0.41051314142678347,0.21,0.0,2.0,0.5,0.0,0.5,0.0,0.0,0.0,0.0,0.0
0.4205256570713392,0.21,0.0,2.0,0.5,0.0,0.5,0.0,0.0,0.0,0.0,0.0
0.4305381727158949,0.22,0.0,2.0,0.5,0.0,0.5,0.0,0.0,0.0,0.0,0.0
0.4405506883604506,0.22,0.0,2.0,0.5,0.0,0.5,0.0,0.0,0.0,0.0,0.0
0.45056320400500627,0.23,0.0,2.0,0.5,0.0,0.5,0.0,0.0,0.0,0.0,0.0
0.46057571964956195,0.23,0.0,2.0,0.5,0.0,0.5,0.0,0.0,0.0,0.0,0.0
0.47058823529411764,0.24,0.0,2.0,0.5,0.0,0.5,0.0,0.0,0.0,0.0,0.0
0.4806007509386734,0.24,0.0,2.0,0.5,0.0,0.5,0.0,0.0,0.0,0.0,0.0
0.49061326658322907,0.25,0.0,2.0,0.5,0.0,0.5,0.0,0.0,0.0,0.0,0.0
0.5006257822277848,0.25,0.0,2.0,0.5,0.0,0.5,0.0,0.0,0.0,0.0,0.0
0.5106382978723404,0.26,0.0,2.0,0.5,0.0,0.5,0.0,0.0,0.0,0.0,0.0
0.5206508135168961,0.26,0.0,2.0,0.5,0.0,0.5,0.0,0.0,0.0,0.0,0.0
0.5306633291614519,0.27,0.0,2.0,0.5,0.0,0.5,0.0,0.0,0.0,0.0,0.0
0.5406758448060075,0.27,0.0,2.0,0.5,0.0,0.5,0.0,0.0,0.0,0.0,0.0
0.5506883604505632,0.28,0.0,2.0,0.5,0.0,0.5,0.0,0.0,0.0,0.0,0.0
0.5607008760951189,0.28,0.0,2.0,0.5,0.0,0.5,0.0,0.0,0.0,0.0,0.0
0.5707133917396746,0.29,0.0,2.0,0.5,0.0,0.5,0.0,0.0,0.0,0.0,0.0
0.5807259073842304,0.29,0.0,2.0,0.5,0.0,0.5,0.0,0.0,0.0,0.0,0.0
0.590738423028786,0.3,0.0,2.0,0.5,0.0,0.5,0.0,0.0,0.0,0.0,0.0
0.6007509386733417,0.3,0.0,2.0,0.5,0.0,0.5,0.0,0.0,0.0,0.0,0.0
0.6107634543178974,0.31,0.0,2.0,0.5,0.0,0.5,0.0,0.0,0.0,0.0,0.0
0.6207759699624531,0.31,0.0,2.0,0.5,0.0,0.5,0.0,0.0,0.0,0.0,0.0
0.6307884856070087,0.32,0.0,2.0,0.5,0.0,0.5,0.0,0.0,0.0,0.0,0.0
0.6408010012515645,0.32,0.0,2.0,0.5,0.0,0.5,0.0,0.0,0.0,0.0,0.0
0.6508135168961202,0.33,0.0,2.0,0.5,0.0,0.5,0.0,0.0,0.0,0.0,0.0
0.6608260325406758,0.33,0.0,2.0,0.5,0.0,0.5,0.0,0.0,0.0,0.0,0.0
0.6708385481852316,0.34,0.0,2.0,0.5,0.0,0.5,0.0,0.0,0.0,0.0,0.0
0.6808510638297872,0.34,0.0,2.0,0.5,0.0,0.5,0.0,0.0,0.0,0.0,0.0
0.690863579474343,0.35,0.0,2.0,0.5,0.0,0.5,0.0,0.0,0.0,0.0,0.0
0.7008760951188986,0.35,0.0,2.0,0.5,0.0,0.5,0.0,0.0,0.0,0.0,0.0
0.7108886107634543,0.36,0.0,2.0,0.5,0.0,0.5,0.0,0.0,0.0,0.0,0.0
0.7209011264080101,0.36,0.0,2.0,0.5,0.0,0.5,0.0,0.0,0.0,0.0,0.0
0.7309136420525657,0.37,0.0,2.0,0.5,0.0,0.5,0.0,0.0,0.0,0.0,0.0
0.7409261576971214,0.37,0.0,2.0,0.5,0.0,0.5,0.0,0.0,0.0,0.0,0.0
0.7509386733416771,0.38,0.0,2.0,0.5,0.0,0.5,0.0,0.0,0.0,0.0,0.0
0.7609511889862328,0.38,0.0,2.0,0.5,0.0,0.5,0.0,0.0,0.0,0.0,0.0
0.7709637046307886,0.39,0.0,2.0,0.5,0.0,0.5,0.0,0.0,0.0,0.0,0.0
0.7809762202753442,0.39,0.0,2.0,0.5,0.0,0.5,0.0,0.0,0.0,0.0,0.0
0.7909887359198999,0.4,0.0,2.0,0.5,0.0,0.5,0.0,0.0,0.0,0.0,0.0
0.8010012515644556,0.4,0.0,2.0,0.5,0.0,0.5,0.0,0.0,0.0,0.0,0.0
0.8110137672090113,0.41,0.0,2.0,0.5,0.0,0.5,0.0,0.0,0.0,0.0,0.0
0.8210262828535669,0.41,0.0,2.0,0.5,0.0,0.5,0.0,0.0,0.0,0.0,0.0
0.8310387984981227,0.42,0.0,2.0,0.5,0.0,0.5,0.0,0.0,0.0,0.0,0.0
0.8410513141426784,0.42,0.0,2.0,0.5,0.0,0.5,0.0,0.0,0.0,0.0,0.0
0.851063829787234,0.43,0.0,2.0,0.5,0.0,0.5,0.0,0.0,0.0,0.0,0.0
0.8610763454317898,0.43,0.0,2.0,0.5,0.0,0.5,0.0,0.0,0.0,0.0,0.0
0.8710888610763454,0.44,0.0,2.0,0.5,0.0,0.5,0.0,0.0,0.0,0.0,0.0
0.8811013767209012,0.44,0.0,2.0,0.5,0.0,0.5,0.0,0.0,0.0,0.0,0.0
0.8911138923654568,0.45,0.0,2.0,0.5,0.0,0.5,0.0,0.0,0.0,0.0,0.0
0.9011264080100125,0.45,0.0,2.0,0.5,0.0,0.5,0.0,0.0,0.0,0.0,0.0
0.9111389236545683,0.46,0.0,2.0,0.5,0.0,0.5,0.0,0.0,0.0,0.0,0.0
0.9211514392991239,0.46,0.0,2.0,0.5,0.0,0.5,0.0,0.0,0.0,0.0,0.0
0.9311639549436797,0.47,0.0,2.0,0.5,0.0,0.5,0.0,0.0,0.0,0.0,0.0
0.9411764705882353,0.47,0.0,2.0,0.5,0.0,0.5,0.0,0.0,0.0,0.0,0.0
0.951188986232791,0.48,0.0,2.0,0.5,0.0,0.5,0.0,0.0,0.0,0.0,0.0
0.9612015018773468,0.48,0.0,2.0,0.5,0.0,0.5,0.0,0.0,0.0,0.0,0.0
0.9712140175219024,0.49,0.0,2.0,0.5,0.0,0.5,0.0,0.0,0.0,0.0,0.0
0.9812265331664581,0.49,0.0,2.0,0.5,0.0,0.5,0.0,0.0,0.0,0.0,0.0
0.9912390488110138,0.5,0.0,2.0,0.5,0.0,0.5,0.0,0.0,0.0,0.0,0.0
1.0012515644555695,0.5,0.0,2.0,0.5,0.0,0.5,0.0,0.0,0.0,0.0,0.0
1.0112640801001251,0.51,0.0,2.0,0.5,0.0,0.5,0.0,0.0,0.0,0.0,0.0
1.0212765957446808,0.51,0.0,2.0,0.5,0.0,0.5,0.0,0.0,0.0,0.0,0.0
1.0312891113892366,0.52,0.0,2.0,0.5,0.0,0.5,0.0,0.0,0.0,0.0,0.0
1.0413016270337923,0.52,0.0,2.0,0.5,0.0,0.5,0.0,0.0,0.0,0.0,0.0
1.0513141426783479,0.53,0.0,2.0,0.5,0.0,0.5,0.0,0.0,0.0,0.0,0.0
1.0613266583229037,0.53,0.0,2.0,0.5,0.0,0.5,0.0,0.0,0.0,0.0,0.0
1.0713391739674594,0.54,0.0,2.0,0.5,0.0,0.5,0.0,0.0,0.0,0.0,0.0
1.081351689612015,0.54,0.0,2.0,0.5,0.0,0.5,0.0,0.0,0.0,0.0,0.0
1.0913642052565709,0.55,0.0,2.0,0.5,0.0,0.5,0.0,0.0,0.0,0.0,0.0
1.1013767209011265,0.55,0.0,2.0,0.5,0.0,0.5,0.0,0.0,0.0,0.0,0.0
1.1113892365456821,0.56,0.0,2.0,0.5,0.0,0.5,0.0,0.0,0.0,0.0,0.0
1.1214017521902377,0.56,0.0,2.0,0.5,0.0,0.5,0.0,0.0,0.0,0.0,0.0
1.1314142678347936,0.57,0.0,2.0,0.5,0.0,0.5,0.0,0.0,0.0,0.0,0.0
1.1414267834793492,0.57,0.0,2.0,0.5,0.0,0.5,0.0,0.0,0.0,0.0,0.0
1.1514392991239049,0.58,0.0,2.0,0.5,0.0,0.5,0.0,0.0,0.0,0.0,0.0
1.1614518147684607,0.58,0.0,2.0,0.5,0.0,0.5,0.0,0.0,0.0,0.0,0.0
1.1714643304130163,0.59,0.0,2.0,0.5,0.0,0.5,0.0,0.0,0.0,0.0,0.0
1.181476846057572,0.59,0.0,2.0,0.5,0.0,0.5,0.0,0.0,0.0,0.0,0.0
1.1914893617021276,0.6,0.0,2.0,0.5,0.0,0.5,0.0,0.0,0.0,0.0,0.0
1.2015018773466835,0.6,0.0,2.0,0.5,0.0,0.5,0.0,0.0,0.0,0.0,0.0
1.211514392991239,0.61,0.0,2.0,0.5,0.0,0.5,0.0,0.0,0.0,0.0,0.0
1.2215269086357947,0.61,0.0,2.0,0.5,0.0,0.5,0.0,0.0,0.0,0.0,0.0
1.2315394242803506,0.62,0.0,2.0,0.5,0.0,0.5,0.0,0.0,0.0,0.0,0.0
1.2415519399249062,0.62,0.0,2.0,0.5,0.0,0.5,0.0,0.0,0.0,0.0,0.0
1.2515644555694618,0.63,0.0,2.0,0.5,0.0,0.5,0.0,0.0,0.0,0.0,0.0
1.2615769712140175,0.63,0.0,2.0,0.5,0.0,0.5,0.0,0.0,0.0,0.0,0.0
1.2715894868585733,0.64,0.0,2.0,0.5,0.0,0.5,0.0,0.0,0.0,0.0,0.0
1.281602002503129,0.64,0.0,2.0,0.5,0.0,0.5,0.0,0.0,0.0,0.0,0.0
1.2916145181476846,0.65,0.0,2.0,0.5,0.0,0.5,0.0,0.0,0.0,0.0,0.0
1.3016270337922404,0.65,0.0,2.0,0.5,0.0,0.5,0.0,0.0,0.0,0.0,0.0
1.311639549436796,0.66,0.0,2.0,0.5,0.0,0.5,0.0,0.0,0.0,0.0,0.0
1.3216520650813517,0.66,0.0,2.0,0.5,0.0,0.5,0.0,0.0,0.0,0.0,0.0
1.3316645807259073,0.67,0.0,2.0,0.5,0.0,0.5,0.0,0.0,0.0,0.0,0.0
1.3416770963704632,0.67,0.0,2.0,0.5,0.0,0.5,0.0,0.0,0.0,0.0,0.0
1.3516896120150188,0.68,0.0,2.0,0.5,0.0,0.5,0.0,0.0,0.0,0.0,0.0
1.3617021276595744,0.68,0.0,2.0,0.5,0.0,0.5,0.0,0.0,0.0,0.0,0.0
1.3717146433041303,0.69,0.0,2.0,0.5,0.0,0.5,0.0,0.0,0.0,0.0,0.0
1.381727158948686,0.69,0.0,2.0,0.5,0.0,0.5,0.0,0.0,0.0,0.0,0.0
1.3917396745932415,0.7,0.0,2.0,0.5,0.0,0.5,0.0,0.0,0.0,0.0,0.0
1.4017521902377972,0.7,0.0,2.0,0.5,0.0,0.5,0.0,0.0,0.0,0.0,0.0
1.411764705882353,0.71,0.0,2.0,0.5,0.0,0.5,0.0,0.0,0.0,0.0,0.0
1.4217772215269087,0.71,0.0,2.0,0.5,0.0,0.5,0.0,0.0,0.0,0.0,0.0
1.4317897371714643,0.72,0.0,2.0,0.5,0.0,0.5,0.0,0.0,0.0,0.0,0.0
1.4418022528160201,0.72,0.0,2.0,0.5,0.0,0.5,0.0,0.0,0.0,0.0,0.0
1.4518147684605758,0.73,0.0,2.0,0.5,0.0,0.5,0.0,0.0,0.0,0.0,0.0
1.4618272841051314,0.73,0.0,2.0,0.5,0.0,0.5,0.0,0.0,0.0,0.0,0.0
1.471839799749687,0.74,0.0,2.0,0.5,0.0,0.5,0.0,0.0,0.0,0.0,0.0
1.481852315394243,0.74,0.0,2.0,0.5,0.0,0.5,0.0,0.0,0.0,0.0,0.0
1.4918648310387985,0.75,0.0,2.0,0.5,0.0,0.5,0.0,0.0,0.0,0.0,0.0
1.5018773466833542,0.75,0.0,2.0,0.5,0.0,0.5,0.0,0.0,0.0,0.0,0.0
1.51188986232791,0.76,0.0,2.0,0.5,0.0,0.5,0.0,0.0,0.0,0.0,0.0
1.5219023779724656,0.76,0.0,2.0,0.5,0.0,0.5,0.0,0.0,0.0,0.0,0.0
1.5319148936170213,0.77,0.0,2.0,0.5,0.0,0.5,0.0,0.0,0.0,0.0,0.0
1.5419274092615771,0.77,0.0,2.0,0.5,0.0,0.5,0.0,0.0,0.0,0.0,0.0
1.5519399249061328,0.78,0.0,2.0,0.5,0.0,0.5,0.0,0.0,0.0,0.0,0.0
1.5619524405506884,0.78,0.0,2.0,0.5,0.0,0.5,0.0,0.0,0.0,0.0,0.0
1.571964956195244,0.79,0.0,2.0,0.5,0.0,0.5,0.0,0.0,0.0,0.0,0.0
1.5819774718397999,0.79,0.0,2.0,0.5,0.0,0.5,0.0,0.0,0.0,0.0,0.0
1.5919899874843555,0.8,0.0,2.0,0.5,0.0,0.5,0.0,0.0,0.0,0.0,0.0
1.6020025031289111,0.8,0.0,2.0,0.5,0.0,0.5,0.0,0.0,0.0,0.0,0.0
1.612015018773467,0.81,0.0,2.0,0.5,0.0,0.5,0.0,0.0,0.0,0.0,0.0
1.6220275344180226,0.81,0.0,2.0,0.5,0.0,0.5,0.0,0.0,0.0,0.0,0.0
1.6320400500625782,0.82,0.0,2.0,0.5,0.0,0.5,0.0,0.0,0.0,0.0,0.0
1.6420525657071339,0.82,0.0,2.0,0.5,0.0,0.5,0.0,0.0,0.0,0.0,0.0
1.6520650813516897,0.83,0.0,2.0,0.5,0.0,0.5,0.0,0.0,0.0,0.0,0.0
1.6620775969962454,0.83,0.0,2.0,0.5,0.0,0.5,0.0,0.0,0.0,0.0,0.0
1.672090112640801,0.84,0.0,2.0,0.5,0.0,0.5,0.0,0.0,0.0,0.0,0.0
1.6821026282853568,0.84,0.0,2.0,0.5,0.0,0.5,0.0,0.0,0.0,0.0,0.0
1.6921151439299125,0.85,0.0,2.0,0.5,0.0,0.5,0.0,0.0,0.0,0.0,0.0
1.702127659574468,0.85,0.0,2.0,0.5,0.0,0.5,0.0,0.0,0.0,0.0,0.0
1.7121401752190237,0.86,0.0,2.0,0.5,0.0,0.5,0.0,0.0,0.0,0.0,0.0
1.7221526908635796,0.86,0.0,2.0,0.5,0.0,0.5,0.0,0.0,0.0,0.0,0.0
1.7321652065081352,0.87,0.0,2.0,0.5,0.0,0.5,0.0,0.0,0.0,0.0,0.0
1.7421777221526908,0.87,0.0,2.0,0.5,0.0,0.5,0.0,0.0,0.0,0.0,0.0
1.7521902377972467,0.88,0.0,2.0,0.5,0.0,0.5,0.0,0.0,0.0,0.0,0.0
1.7622027534418023,0.88,0.0,2.0,0.5,0.0,0.5,0.0,0.0,0.0,0.0,0.0
1.772215269086358,0.89,0.0,2.0,0.5,0.0,0.5,0.0,0.0,0.0,0.0,0.0
1.7822277847309136,0.89,0.0,2.0,0.5,0.0,0.5,0.0,0.0,0.0,0.0,0.0
1.7922403003754694,0.9,0.0,2.0,0.5,0.0,0.5,0.0,0.0,0.0,0.0,0.0
1.802252816020025,0.9,0.0,2.0,0.5,0.0,0.5,0.0,0.0,0.0,0.0,0.0
1.8122653316645807,0.91,0.0,2.0,0.5,0.0,0.5,0.0,0.0,0.0,0.0,0.0
1.8222778473091366,0.91,0.0,2.0,0.5,0.0,0.5,0.0,0.0,0.0,0.0,0.0
1.8322903629536922,0.92,0.0,2.0,0.5,0.0,0.5,0.0,0.0,0.0,0.0,0.0
1.8423028785982478,0.92,0.0,2.0,0.5,0.0,0.5,0.0,0.0,0.0,0.0,0.0
1.8523153942428034,0.93,0.0,2.0,0.5,0.0,0.5,0.0,0.0,0.0,0.0,0.0
1.8623279098873593,0.93,0.0,2.0,0.5,0.0,0.5,0.0,0.0,0.0,0.0,0.0
1.872340425531915,0.94,0.0,2.0,0.5,0.0,0.5,0.0,0.0,0.0,0.0,0.0
1.8823529411764706,0.94,0.0,2.0,0.5,0.0,0.5,0.0,0.0,0.0,0.0,0.0
1.8923654568210264,0.95,0.0,2.0,0.5,0.0,0.5,0.0,0.0,0.0,0.0,0.0
1.902377972465582,0.95,0.0,2.0,0.5,0.0,0.5,0.0,0.0,0.0,0.0,0.0
1.9123904881101377,0.96,0.0,2.0,0.5,0.0,0.5,0.0,0.0,0.0,0.0,0.0
1.9224030037546935,0.96,0.0,2.0,0.5,0.0,0.5,0.0,0.0,0.0,0.0,0.0
1.9324155193992492,0.97,0.0,2.0,0.5,0.0,0.5,0.0,0.0,0.0,0.0,0.0
1.9424280350438048,0.97,0.0,2.0,0.5,0.0,0.5,0.0,0.0,0.0,0.0,0.0
1.9524405506883604,0.98,0.0,2.0,0.5,0.0,0.5,0.0,0.0,0.0,0.0,0.0
1.9624530663329163,0.98,0.0,2.0,0.5,0.0,0.5,0.0,0.0,0.0,0.0,0.0
1.972465581977472,0.99,0.0,2.0,0.5,0.0,0.5,0.0,0.0,0.0,0.0,0.0
1.9824780976220275,0.99,0.0,2.0,0.5,0.0,0.5,0.0,0.0,0.0,0.0,0.0
1.9924906132665834,1.0,0.0,2.0,0.5,0.0,0.5,0.0,0.0,0.0,0.0,0.0
2.002503128911139,1.0,0.0,2.0,0.5,0.0,0.5,0.0,0.0,0.0,0.0,0.0
2.0125156445556946,1.01,0.0,2.0,0.5,0.0,0.5,0.0,0.0,0.0,0.0,0.0
2.0225281602002503,1.01,0.0,2.0,0.5,0.0,0.5,0.0,0.0,0.0,0.0,0.0
2.032540675844806,1.02,0.0,2.0,0.5,0.0,0.5,0.0,0.0,0.0,0.0,0.0
2.0425531914893615,1.02,0.0,2.0,0.5,0.0,0.5,0.0,0.0,0.0,0.0,0.0
2.0525657071339176,1.03,0.0,2.0,0.5,0.0,0.5,0.0,0.0,0.0,0.0,0.0
2.0625782227784732,1.03,0.0,2.0,0.5,0.0,0.5,0.0,0.0,0.0,0.0,0.0
2.072590738423029,1.04,0.0,2.0,0.5,0.0,0.5,0.0,0.0,0.0,0.0,0.0
2.0826032540675845,1.04,0.0,2.0,0.5,0.0,0.5,0.0,0.0,0.0,0.0,0.0
2.09261576971214,1.05,0.0,2.0,0.5,0.0,0.5,0.0,0.0,0.0,0.0,0.0
2.1026282853566958,1.05,0.0,2.0,0.5,0.0,0.5,0.0,0.0,0.0,0.0,0.0
2.1126408010012514,1.06,0.0,2.0,0.5,0.0,0.5,0.0,0.0,0.0,0.0,0.0
2.1226533166458075,1.06,0.0,2.0,0.5,0.0,0.5,0.0,0.0,0.0,0.0,0.0
2.132665832290363,1.07,0.0,2.0,0.5,0.0,0.5,0.0,0.0,0.0,0.0,0.0
2.1426783479349187,1.07,0.0,2.0,0.5,0.0,0.5,0.0,0.0,0.0,0.0,0.0
2.1526908635794744,1.08,0.0,2.0,0.5,0.0,0.5,0.0,0.0,0.0,0.0,0.0
2.16270337922403,1.08,0.0,2.0,0.5,0.0,0.5,0.0,0.0,0.0,0.0,0.0
2.1727158948685856,1.09,0.0,2.0,0.5,0.0,0.5,0.0,0.0,0.0,0.0,0.0
2.1827284105131417,1.09,0.0,2.0,0.5,0.0,0.5,0.0,0.0,0.0,0.0,0.0
2.1927409261576973,1.1,0.0,2.0,0.5,0.0,0.5,0.0,0.0,0.0,0.0,0.0
2.202753441802253,1.1,0.0,2.0,0.5,0.0,0.5,0.0,0.0,0.0,0.0,0.0
2.2127659574468086,1.11,0.0,2.0,0.5,0.0,0.5,0.0,0.0,0.0,0.0,0.0
2.2227784730913642,1.11,0.0,2.0,0.5,0.0,0.5,0.0,0.0,0.0,0.0,0.0
2.23279098873592,1.12,0.0,2.0,0.5,0.0,0.5,0.0,0.0,0.0,0.0,0.0
2.2428035043804755,1.12,0.0,2.0,0.5,0.0,0.5,0.0,0.0,0.0,0.0,0.0
2.2528160200250316,1.13,0.0,2.0,0.5,0.0,0.5,0.0,0.0,0.0,0.0,0.0
2.262828535669587,1.13,0.0,2.0,0.5,0.0,0.5,0.0,0.0,0.0,0.0,0.0
2.272841051314143,1.14,0.0,2.0,0.5,0.0,0.5,0.0,0.0,0.0,0.0,0.0
2.2828535669586985,1.14,0.0,2.0,0.5,0.0,0.5,0.0,0.0,0.0,0.0,0.0
2.292866082603254,1.15,0.0,2.0,0.5,0.0,0.5,0.0,0.0,0.0,0.0,0.0
2.3028785982478097,1.15,0.0,2.0,0.5,0.0,0.5,0.0,0.0,0.0,0.0,0.0
2.3128911138923653,1.16,0.0,2.0,0.5,0.0,0.5,0.0,0.0,0.0,0.0,0.0
2.3229036295369214,1.16,0.0,2.0,0.5,0.0,0.5,0.0,0.0,0.0,0.0,0.0
2.332916145181477,1.17,0.0,2.0,0.5,0.0,0.5,0.0,0.0,0.0,0.0,0.0
2.3429286608260327,1.17,0.0,2.0,0.5,0.0,0.5,0.0,0.0,0.0,0.0,0.0
2.3529411764705883,1.18,0.0,2.0,0.5,0.0,0.5,0.0,0.0,0.0,0.0,0.0
2.362953692115144,1.18,0.0,2.0,0.5,0.0,0.5,0.0,0.0,0.0,0.0,0.0
2.3729662077596996,1.19,0.0,2.0,0.5,0.0,0.5,0.0,0.0,0.0,0.0,0.0
2.382978723404255,1.19,0.0,2.0,0.5,0.0,0.5,0.0,0.0,0.0,0.0,0.0
2.3929912390488113,1.2,0.0,2.0,0.5,0.0,0.5,0.0,0.0,0.0,0.0,0.0
2.403003754693367,1.2,0.0,2.0,0.5,0.0,0.5,0.0,0.0,0.0,0.0,0.0
2.4130162703379225,1.21,0.0,2.0,0.5,0.0,0.5,0.0,0.0,0.0,0.0,0.0
2.423028785982478,1.21,0.0,2.0,0.5,0.0,0.5,0.0,0.0,0.0,0.0,0.0
2.433041301627034,1.22,0.0,2.0,0.5,0.0,0.5,0.0,0.0,0.0,0.0,0.0
2.4430538172715894,1.22,0.0,2.0,0.5,0.0,0.5,0.0,0.0,0.0,0.0,0.0
2.453066332916145,1.23,0.0,2.0,0.5,0.0,0.5,0.0,0.0,0.0,0.0,0.0
2.463078848560701,1.23,0.0,2.0,0.5,0.0,0.5,0.0,0.0,0.0,0.0,0.0
2.4730913642052568,1.24,0.0,2.0,0.5,0.0,0.5,0.0,0.0,0.0,0.0,0.0
2.4831038798498124,1.24,0.0,2.0,0.5,0.0,0.5,0.0,0.0,0.0,0.0,0.0
2.493116395494368,1.25,0.0,2.0,0.5,0.0,0.5,0.0,0.0,0.0,0.0,0.0
2.5031289111389237,1.25,0.0,2.0,0.5,0.0,0.5,0.0,0.0,0.0,0.0,0.0
2.5131414267834793,1.26,0.0,2.0,0.5,0.0,0.5,0.0,0.0,0.0,0.0,0.0
2.523153942428035,1.26,0.0,2.0,0.5,0.0,0.5,0.0,0.0,0.0,0.0,0.0
2.533166458072591,1.27,0.0,2.0,0.5,0.0,0.5,0.0,0.0,0.0,0.0,0.0
2.5431789737171466,1.27,0.0,2.0,0.5,0.0,0.5,0.0,0.0,0.0,0.0,0.0
2.5531914893617023,1.28,0.0,2.0,0.5,0.0,0.5,0.0,0.0,0.0,0.0,0.0
2.563204005006258,1.28,0.0,2.0,0.5,0.0,0.5,0.0,0.0,0.0,0.0,0.0
2.5732165206508135,1.29,0.0,2.0,0.5,0.0,0.5,0.0,0.0,0.0,0.0,0.0
2.583229036295369,1.29,0.0,2.0,0.5,0.0,0.5,0.0,0.0,0.0,0.0,0.0
2.593241551939925,1.3,0.0,2.0,0.5,0.0,0.5,0.0,0.0,0.0,0.0,0.0
2.603254067584481,1.3,0.0,2.0,0.5,0.0,0.5,0.0,0.0,0.0,0.0,0.0
2.6132665832290365,1.31,0.0,2.0,0.5,0.0,0.5,0.0,0.0,0.0,0.0,0.0
2.623279098873592,1.31,0.0,2.0,0.5,0.0,0.5,0.0,0.0,0.0,0.0,0.0
2.6332916145181477,1.32,0.0,2.0,0.5,0.0,0.5,0.0,0.0,0.0,0.0,0.0
2.6433041301627034,1.32,0.0,2.0,0.5,0.0,0.5,0.0,0.0,0.0,0.0,0.0
2.653316645807259,1.33,0.0,2.0,0.5,0.0,0.5,0.0,0.0,0.0,0.0,0.0
2.6633291614518146,1.33,0.0,2.0,0.5,0.0,0.5,0.0,0.0,0.0,0.0,0.0
2.6733416770963707,1.34,0.0,2.0,0.5,0.0,0.5,0.0,0.0,0.0,0.0,0.0
2.6833541927409263,1.34,0.0,2.0,0.5,0.0,0.5,0.0,0.0,0.0,0.0,0.0
2.693366708385482,1.35,0.0,2.0,0.5,0.0,0.5,0.0,0.0,0.0,0.0,0.0
2.7033792240300376,1.35,0.0,2.0,0.5,0.0,0.5,0.0,0.0,0.0,0.0,0.0
2.7133917396745932,1.36,0.0,2.0,0.5,0.0,0.5,0.0,0.0,0.0,0.0,0.0
2.723404255319149,1.36,0.0,2.0,0.5,0.0,0.5,0.0,0.0,0.0,0.0,0.0
2.7334167709637045,1.37,0.0,2.0,0.5,0.0,0.5,0.0,0.0,0.0,0.0,0.0
2.7434292866082606,1.37,0.0,2.0,0.5,0.0,0.5,0.0,0.0,0.0,0.0,0.0
2.753441802252816,1.38,0.0,2.0,0.5,0.0,0.5,0.0,0.0,0.0,0.0,0.0
2.763454317897372,1.38,0.0,2.0,0.5,0.0,0.5,0.0,0.0,0.0,0.0,0.0
2.7734668335419275,1.39,0.0,2.0,0.5,0.0,0.5,0.0,0.0,0.0,0.0,0.0
2.783479349186483,1.39,0.0,2.0,0.5,0.0,0.5,0.0,0.0,0.0,0.0,0.0
2.7934918648310387,1.4,0.0,2.0,0.5,0.0,0.5,0.0,0.0,0.0,0.0,0.0
2.8035043804755944,1.4,0.0,2.0,0.5,0.0,0.5,0.0,0.0,0.0,0.0,0.0
2.8135168961201504,1.41,0.0,2.0,0.5,0.0,0.5,0.0,0.0,0.0,0.0,0.0
2.823529411764706,1.41,0.0,2.0,0.5,0.0,0.5,0.0,0.0,0.0,0.0,0.0
2.8335419274092617,1.42,0.0,2.0,0.5,0.0,0.5,0.0,0.0,0.0,0.0,0.0
2.8435544430538173,1.42,0.0,2.0,0.5,0.0,0.5,0.0,0.0,0.0,0.0,0.0
2.853566958698373,1.43,0.0,2.0,0.5,0.0,0.5,0.0,0.0,0.0,0.0,0.0
2.8635794743429286,1.43,0.0,2.0,0.5,0.0,0.5,0.0,0.0,0.0,0.0,0.0
2.873591989987484,1.44,0.0,2.0,0.5,0.0,0.5,0.0,0.0,0.0,0.0,0.0
2.8836045056320403,1.44,0.0,2.0,0.5,0.0,0.5,0.0,0.0,0.0,0.0,0.0
2.893617021276596,1.45,0.0,2.0,0.5,0.0,0.5,0.0,0.0,0.0,0.0,0.0
2.9036295369211516,1.45,0.0,2.0,0.5,0.0,0.5,0.0,0.0,0.0,0.0,0.0
2.913642052565707,1.46,0.0,2.0,0.5,0.0,0.5,0.0,0.0,0.0,0.0,0.0
2.923654568210263,1.46,0.0,2.0,0.5,0.0,0.5,0.0,0.0,0.0,0.0,0.0
2.9336670838548184,1.47,0.0,2.0,0.5,0.0,0.5,0.0,0.0,0.0,0.0,0.0
2.943679599499374,1.47,0.0,2.0,0.5,0.0,0.5,0.0,0.0,0.0,0.0,0.0
2.95369211514393,1.48,0.0,2.0,0.5,0.0,0.5,0.0,0.0,0.0,0.0,0.0
2.963704630788486,1.48,0.0,2.0,0.5,0.0,0.5,0.0,0.0,0.0,0.0,0.0
2.9737171464330414,1.49,0.0,2.0,0.5,0.0,0.5,0.0,0.0,0.0,0.0,0.0
2.983729662077597,1.49,0.0,2.0,0.5,0.0,0.5,0.0,0.0,0.0,0.0,0.0
2.9937421777221527,1.5,0.0,2.0,0.5,0.0,0.5,0.0,0.0,0.0,0.0,0.0
3.0037546933667083,1.5,0.0,2.0,0.5,0.0,0.5,0.0,0.0,0.0,0.0,0.0
3.0137672090112644,1.51,0.0,2.0,0.5,0.0,0.5,0.0,0.0,0.0,0.0,0.0
3.02377972465582,1.51,0.0,2.0,0.5,0.0,0.5,0.0,0.0,0.0,0.0,0.0
3.0337922403003756,1.52,0.0,2.0,0.5,0.0,0.5,0.0,0.0,0.0,0.0,0.0
3.0438047559449313,1.52,0.0,2.0,0.5,0.0,0.5,0.0,0.0,0.0,0.0,0.0
3.053817271589487,1.53,0.0,2.0,0.5,0.0,0.5,0.0,0.0,0.0,0.0,0.0
3.0638297872340425,1.53,0.0,2.0,0.5,0.0,0.5,0.0,0.0,0.0,0.0,0.0
3.073842302878598,1.54,0.0,2.0,0.5,0.0,0.5,0.0,0.0,0.0,0.0,0.0
3.0838548185231542,1.54,0.0,2.0,0.5,0.0,0.5,0.0,0.0,0.0,0.0,0.0
3.09386733416771,1.55,0.0,2.0,0.5,0.0,0.5,0.0,0.0,0.0,0.0,0.0
3.1038798498122655,1.55,0.0,2.0,0.5,0.0,0.5,0.0,0.0,0.0,0.0,0.0
3.113892365456821,1.56,0.0,2.0,0.5,0.0,0.5,0.0,0.0,0.0,0.0,0.0
3.1239048811013768,1.56,0.0,2.0,0.5,0.0,0.5,0.0,0.0,0.0,0.0,0.0
3.1339173967459324,1.57,0.0,2.0,0.5,0.0,0.5,0.0,0.0,0.0,0.0,0.0
3.143929912390488,1.57,0.0,2.0,0.5,0.0,0.5,0.0,0.0,0.0,0.0,0.0
3.153942428035044,1.58,0.0,2.0,0.5,0.0,0.5,0.0,0.0,0.0,0.0,0.0
3.1639549436795997,1.58,0.0,2.0,0.5,0.0,0.5,0.0,0.0,0.0,0.0,0.0
3.1739674593241554,1.59,0.0,2.0,0.5,0.0,0.5,0.0,0.0,0.0,0.0,0.0
3.183979974968711,1.59,0.0,2.0,0.5,0.0,0.5,0.0,0.0,0.0,0.0,0.0
3.1939924906132666,1.6,0.0,2.0,0.5,0.0,0.5,0.0,0.0,0.0,0.0,0.0
3.2040050062578223,1.6,0.0,2.0,0.5,0.0,0.5,0.0,0.0,0.0,0.0,0.0
3.214017521902378,1.61,0.0,2.0,0.5,0.0,0.5,0.0,0.0,0.0,0.0,0.0
3.224030037546934,1.61,0.0,2.0,0.5,0.0,0.5,0.0,0.0,0.0,0.0,0.0
3.2340425531914896,1.62,0.0,2.0,0.5,0.0,0.5,0.0,0.0,0.0,0.0,0.0
3.244055068836045,1.62,0.0,2.0,0.5,0.0,0.5,0.0,0.0,0.0,0.0,0.0
3.254067584480601,1.63,0.0,2.0,0.5,0.0,0.5,0.0,0.0,0.0,0.0,0.0
3.2640801001251565,1.63,0.0,2.0,0.5,0.0,0.5,0.0,0.0,0.0,0.0,0.0
3.274092615769712,1.64,0.0,2.0,0.5,0.0,0.5,0.0,0.0,0.0,0.0,0.0
3.2841051314142677,1.64,0.0,2.0,0.5,0.0,0.5,0.0,0.0,0.0,0.0,0.0
3.294117647058824,1.65,0.0,2.0,0.5,0.0,0.5,0.0,0.0,0.0,0.0,0.0
3.3041301627033794,1.65,0.0,2.0,0.5,0.0,0.5,0.0,0.0,0.0,0.0,0.0
3.314142678347935,1.66,0.0,2.0,0.5,0.0,0.5,0.0,0.0,0.0,0.0,0.0
3.3241551939924907,1.66,0.0,2.0,0.5,0.0,0.5,0.0,0.0,0.0,0.0,0.0
3.3341677096370463,1.67,0.0,2.0,0.5,0.0,0.5,0.0,0.0,0.0,0.0,0.0
3.344180225281602,1.67,0.0,2.0,0.5,0.0,0.5,0.0,0.0,0.0,0.0,0.0
3.3541927409261576,1.68,0.0,2.0,0.5,0.0,0.5,0.0,0.0,0.0,0.0,0.0
3.3642052565707137,1.68,0.0,2.0,0.5,0.0,0.5,0.0,0.0,0.0,0.0,0.0
3.3742177722152693,1.69,0.0,2.0,0.5,0.0,0.5,0.0,0.0,0.0,0.0,0.0
3.384230287859825,1.69,0.0,2.0,0.5,0.0,0.5,0.0,0.0,0.0,0.0,0.0
3.3942428035043806,1.7,0.0,2.0,0.5,0.0,0.5,0.0,0.0,0.0,0.0,0.0
3.404255319148936,1.7,0.0,2.0,0.5,0.0,0.5,0.0,0.0,0.0,0.0,0.0
3.414267834793492,1.71,0.0,2.0,0.5,0.0,0.5,0.0,0.0,0.0,0.0,0.0
3.4242803504380475,1.71,0.0,2.0,0.5,0.0,0.5,0.0,0.0,0.0,0.0,0.0
3.4342928660826035,1.72,0.0,2.0,0.5,0.0,0.5,0.0,0.0,0.0,0.0,0.0
3.444305381727159,1.72,0.0,2.0,0.5,0.0,0.5,0.0,0.0,0.0,0.0,0.0
3.454317897371715,1.73,0.0,2.0,0.5,0.0,0.5,0.0,0.0,0.0,0.0,0.0
3.4643304130162704,1.73,0.0,2.0,0.5,0.0,0.5,0.0,0.0,0.0,0.0,0.0
3.474342928660826,1.74,0.0,2.0,0.5,0.0,0.5,0.0,0.0,0.0,0.0,0.0
3.4843554443053817,1.74,0.0,2.0,0.5,0.0,0.5,0.0,0.0,0.0,0.0,0.0
3.4943679599499373,1.75,0.0,2.0,0.5,0.0,0.5,0.0,0.0,0.0,0.0,0.0
3.5043804755944934,1.75,0.0,2.0,0.5,0.0,0.5,0.0,0.0,0.0,0.0,0.0
3.514392991239049,1.76,0.0,2.0,0.5,0.0,0.5,0.0,0.0,0.0,0.0,0.0
3.5244055068836047,1.76,0.0,2.0,0.5,0.0,0.5,0.0,0.0,0.0,0.0,0.0
3.5344180225281603,1.77,0.0,2.0,0.5,0.0,0.5,0.0,0.0,0.0,0.0,0.0
3.544430538172716,1.77,0.0,2.0,0.5,0.0,0.5,0.0,0.0,0.0,0.0,0.0
3.5544430538172715,1.78,0.0,2.0,0.5,0.0,0.5,0.0,0.0,0.0,0.0,0.0
3.564455569461827,1.78,0.0,2.0,0.5,0.0,0.5,0.0,0.0,0.0,0.0,0.0
3.5744680851063833,1.79,0.0,2.0,0.5,0.0,0.5,0.0,0.0,0.0,0.0,0.0
3.584480600750939,1.79,0.0,2.0,0.5,0.0,0.5,0.0,0.0,0.0,0.0,0.0
3.5944931163954945,1.8,0.0,2.0,0.5,0.0,0.5,0.0,0.0,0.0,0.0,0.0
3.60450563204005,1.8,0.0,2.0,0.5,0.0,0.5,0.0,0.0,0.0,0.0,0.0
3.6145181476846058,1.81,0.0,2.0,0.5,0.0,0.5,0.0,0.0,0.0,0.0,0.0
3.6245306633291614,1.81,0.0,2.0,0.5,0.0,0.5,0.0,0.0,0.0,0.0,0.0
3.634543178973717,1.82,0.0,2.0,0.5,0.0,0.5,0.0,0.0,0.0,0.0,0.0
3.644555694618273,1.82,0.0,2.0,0.5,0.0,0.5,0.0,0.0,0.0,0.0,0.0
3.6545682102628287,1.83,0.0,2.0,0.5,0.0,0.5,0.0,0.0,0.0,0.0,0.0
3.6645807259073844,1.83,0.0,2.0,0.5,0.0,0.5,0.0,0.0,0.0,0.0,0.0
3.67459324155194,1.84,0.0,2.0,0.5,0.0,0.5,0.0,0.0,0.0,0.0,0.0
3.6846057571964956,1.84,0.0,2.0,0.5,0.0,0.5,0.0,0.0,0.0,0.0,0.0
3.6946182728410513,1.85,0.0,2.0,0.5,0.0,0.5,0.0,0.0,0.0,0.0,0.0
3.704630788485607,1.85,0.0,2.0,0.5,0.0,0.5,0.0,0.0,0.0,0.0,0.0
3.714643304130163,1.86,0.0,2.0,0.5,0.0,0.5,0.0,0.0,0.0,0.0,0.0
3.7246558197747186,1.86,0.0,2.0,0.5,0.0,0.5,0.0,0.0,0.0,0.0,0.0
3.7346683354192742,1.87,0.0,2.0,0.5,0.0,0.5,0.0,0.0,0.0,0.0,0.0
3.74468085106383,1.87,0.0,2.0,0.5,0.0,0.5,0.0,0.0,0.0,0.0,0.0
3.7546933667083855,1.88,0.0,2.0,0.5,0.0,0.5,0.0,0.0,0.0,0.0,0.0
3.764705882352941,1.88,0.0,2.0,0.5,0.0,0.5,0.0,0.0,0.0,0.0,0.0
3.7747183979974968,1.89,0.0,2.0,0.5,0.0,0.5,0.0,0.0,0.0,0.0,0.0
3.784730913642053,1.89,0.0,2.0,0.5,0.0,0.5,0.0,0.0,0.0,0.0,0.0
3.7947434292866085,1.9,0.0,2.0,0.5,0.0,0.5,0.0,0.0,0.0,0.0,0.0
3.804755944931164,1.9,0.0,2.0,0.5,0.0,0.5,0.0,0.0,0.0,0.0,0.0
3.8147684605757197,1.91,0.0,2.0,0.5,0.0,0.5,0.0,0.0,0.0,0.0,0.0
3.8247809762202754,1.91,0.0,2.0,0.5,0.0,0.5,0.0,0.0,0.0,0.0,0.0
3.834793491864831,1.92,0.0,2.0,0.5,0.0,0.5,0.0,0.0,0.0,0.0,0.0
3.844806007509387,1.92,0.0,2.0,0.5,0.0,0.5,0.0,0.0,0.0,0.0,0.0
3.8548185231539427,1.93,0.0,2.0,0.5,0.0,0.5,0.0,0.0,0.0,0.0,0.0
3.8648310387984983,1.93,0.0,2.0,0.5,0.0,0.5,0.0,0.0,0.0,0.0,0.0
3.874843554443054,1.94,0.0,2.0,0.5,0.0,0.5,0.0,0.0,0.0,0.0,0.0
3.8848560700876096,1.94,0.0,2.0,0.5,0.0,0.5,0.0,0.0,0.0,0.0,0.0
3.894868585732165,1.95,0.0,2.0,0.5,0.0,0.5,0.0,0.0,0.0,0.0,0.0
3.904881101376721,1.95,0.0,2.0,0.5,0.0,0.5,0.0,0.0,0.0,0.0,0.0
3.914893617021277,1.96,0.0,2.0,0.5,0.0,0.5,0.0,0.0,0.0,0.0,0.0
3.9249061326658325,1.96,0.0,2.0,0.5,0.0,0.5,0.0,0.0,0.0,0.0,0.0
3.934918648310388,1.97,0.0,2.0,0.5,0.0,0.5,0.0,0.0,0.0,0.0,0.0
3.944931163954944,1.97,0.0,2.0,0.5,0.0,0.5,0.0,0.0,0.0,0.0,0.0
3.9549436795994994,1.98,0.0,2.0,0.5,0.0,0.5,0.0,0.0,0.0,0.0,0.0
3.964956195244055,1.98,0.0,2.0,0.5,0.0,0.5,0.0,0.0,0.0,0.0,0.0
3.9749687108886107,1.99,0.0,2.0,0.5,0.0,0.5,0.0,0.0,0.0,0.0,0.0
3.9849812265331668,1.99,0.0,2.0,0.5,0.0,0.5,0.0,0.0,0.0,0.0,0.0
3.9949937421777224,2.0,0.0,2.0,0.5,0.0,0.5,0.0,0.0,0.0,0.0,0.0
4.005006257822278,2.0,0.0,2.0,0.5,0.0,0.5,0.0,0.0,0.0,0.0,0.0
4.015018773466833,2.01,0.0,2.0,0.5,0.0,0.5,0.0,0.0,0.0,0.0,0.0
4.025031289111389,2.01,0.0,2.0,0.5,0.0,0.5,0.0,0.0,0.0,0.0,0.0
4.035043804755945,2.02,0.0,2.0,0.5,0.0,0.5,0.0,0.0,0.0,0.0,0.0
4.045056320400501,2.02,0.0,2.0,0.5,0.0,0.5,0.0,0.0,0.0,0.0,0.0
4.055068836045057,2.03,0.0,2.0,0.5,0.0,0.5,0.0,0.0,0.0,0.0,0.0
4.065081351689612,2.03,0.0,2.0,0.5,0.0,0.5,0.0,0.0,0.0,0.0,0.0
4.075093867334168,2.04,0.0,2.0,0.5,0.0,0.5,0.0,0.0,0.0,0.0,0.0
4.085106382978723,2.04,0.0,2.0,0.5,0.0,0.5,0.0,0.0,0.0,0.0,0.0
4.095118898623279,2.05,0.0,2.0,0.5,0.0,0.5,0.0,0.0,0.0,0.0,0.0
4.105131414267835,2.05,0.0,2.0,0.5,0.0,0.5,0.0,0.0,0.0,0.0,0.0
4.11514392991239,2.06,0.0,2.0,0.5,0.0,0.5,0.0,0.0,0.0,0.0,0.0
4.1251564455569465,2.06,0.0,2.0,0.5,0.0,0.5,0.0,0.0,0.0,0.0,0.0
4.135168961201502,2.07,0.0,2.0,0.5,0.0,0.5,0.0,0.0,0.0,0.0,0.0
4.145181476846058,2.07,0.0,2.0,0.5,0.0,0.5,0.0,0.0,0.0,0.0,0.0
4.155193992490613,2.08,0.0,2.0,0.5,0.0,0.5,0.0,0.0,0.0,0.0,0.0
4.165206508135169,2.08,0.0,2.0,0.5,0.0,0.5,0.0,0.0,0.0,0.0,0.0
4.175219023779725,2.09,0.0,2.0,0.5,0.0,0.5,0.0,0.0,0.0,0.0,0.0
4.18523153942428,2.09,0.0,2.0,0.5,0.0,0.5,0.0,0.0,0.0,0.0,0.0
4.195244055068836,2.1,0.0,2.0,0.5,0.0,0.5,0.0,0.0,0.0,0.0,0.0
4.2052565707133915,2.1,0.0,2.0,0.5,0.0,0.5,0.0,0.0,0.0,0.0,0.0
4.215269086357948,2.11,0.0,2.0,0.5,0.0,0.5,0.0,0.0,0.0,0.0,0.0
4.225281602002503,2.11,0.0,2.0,0.5,0.0,0.5,0.0,0.0,0.0,0.0,0.0
4.235294117647059,2.12,0.0,2.0,0.5,0.0,0.5,0.0,0.0,0.0,0.0,0.0
4.245306633291615,2.12,0.0,2.0,0.5,0.0,0.5,0.0,0.0,0.0,0.0,0.0
4.25531914893617,2.13,0.0,2.0,0.5,0.0,0.5,0.0,0.0,0.0,0.0,0.0
4.265331664580726,2.13,0.0,2.0,0.5,0.0,0.5,0.0,0.0,0.0,0.0,0.0
4.275344180225281,2.14,0.0,2.0,0.5,0.0,0.5,0.0,0.0,0.0,0.0,0.0
4.2853566958698375,2.14,0.0,2.0,0.5,0.0,0.5,0.0,0.0,0.0,0.0,0.0
4.2953692115143935,2.15,0.0,2.0,0.5,0.0,0.5,0.0,0.0,0.0,0.0,0.0
4.305381727158949,2.15,0.0,2.0,0.5,0.0,0.5,0.0,0.0,0.0,0.0,0.0
4.315394242803505,2.16,0.0,2.0,0.5,0.0,0.5,0.0,0.0,0.0,0.0,0.0
4.32540675844806,2.16,0.0,2.0,0.5,0.0,0.5,0.0,0.0,0.0,0.0,0.0
4.335419274092616,2.17,0.0,2.0,0.5,0.0,0.5,0.0,0.0,0.0,0.0,0.0
4.345431789737171,2.17,0.0,2.0,0.5,0.0,0.5,0.0,0.0,0.0,0.0,0.0
4.355444305381727,2.18,0.0,2.0,0.5,0.0,0.5,0.0,0.0,0.0,0.0,0.0
4.365456821026283,2.18,0.0,2.0,0.5,0.0,0.5,0.0,0.0,0.0,0.0,0.0
4.375469336670839,2.19,0.0,2.0,0.5,0.0,0.5,0.0,0.0,0.0,0.0,0.0
4.385481852315395,2.19,0.0,2.0,0.5,0.0,0.5,0.0,0.0,0.0,0.0,0.0
4.39549436795995,2.2,0.0,2.0,0.5,0.0,0.5,0.0,0.0,0.0,0.0,0.0
4.405506883604506,2.2,0.0,2.0,0.5,0.0,0.5,0.0,0.0,0.0,0.0,0.0
4.415519399249061,2.21,0.0,2.0,0.5,0.0,0.5,0.0,0.0,0.0,0.0,0.0
4.425531914893617,2.21,0.0,2.0,0.5,0.0,0.5,0.0,0.0,0.0,0.0,0.0
4.435544430538173,2.22,0.0,2.0,0.5,0.0,0.5,0.0,0.0,0.0,0.0,0.0
4.4455569461827285,2.22,0.0,2.0,0.5,0.0,0.5,0.0,0.0,0.0,0.0,0.0
4.4555694618272845,2.23,0.0,2.0,0.5,0.0,0.5,0.0,0.0,0.0,0.0,0.0
4.46558197747184,2.23,0.0,2.0,0.5,0.0,0.5,0.0,0.0,0.0,0.0,0.0
4.475594493116396,2.24,0.0,2.0,0.5,0.0,0.5,0.0,0.0,0.0,0.0,0.0
4.485607008760951,2.24,0.0,2.0,0.5,0.0,0.5,0.0,0.0,0.0,0.0,0.0
4.495619524405507,2.25,0.0,2.0,0.5,0.0,0.5,0.0,0.0,0.0,0.0,0.0
4.505632040050063,2.25,0.0,2.0,0.5,0.0,0.5,0.0,0.0,0.0,0.0,0.0
4.515644555694618,2.26,0.0,2.0,0.5,0.0,0.5,0.0,0.0,0.0,0.0,0.0
4.525657071339174,2.26,0.0,2.0,0.5,0.0,0.5,0.0,0.0,0.0,0.0,0.0
4.53566958698373,2.27,0.0,2.0,0.5,0.0,0.5,0.0,0.0,0.0,0.0,0.0
4.545682102628286,2.27,0.0,2.0,0.5,0.0,0.5,0.0,0.0,0.0,0.0,0.0
4.555694618272841,2.28,0.0,2.0,0.5,0.0,0.5,0.0,0.0,0.0,0.0,0.0
4.565707133917397,2.28,0.0,2.0,0.5,0.0,0.5,0.0,0.0,0.0,0.0,0.0
4.575719649561953,2.29,0.0,2.0,0.5,0.0,0.5,0.0,0.0,0.0,0.0,0.0
4.585732165206508,2.29,0.0,2.0,0.5,0.0,0.5,0.0,0.0,0.0,0.0,0.0
4.595744680851064,2.3,0.0,2.0,0.5,0.0,0.5,0.0,0.0,0.0,0.0,0.0
4.605757196495619,2.3,0.0,2.0,0.5,0.0,0.5,0.0,0.0,0.0,0.0,0.0
4.6157697121401755,2.31,0.0,2.0,0.5,0.0,0.5,0.0,0.0,0.0,0.0,0.0
4.625782227784731,2.31,0.0,2.0,0.5,0.0,0.5,0.0,0.0,0.0,0.0,0.0
4.635794743429287,2.32,0.0,2.0,0.5,0.0,0.5,0.0,0.0,0.0,0.0,0.0
4.645807259073843,2.32,0.0,2.0,0.5,0.0,0.5,0.0,0.0,0.0,0.0,0.0
4.655819774718398,2.33,0.0,2.0,0.5,0.0,0.5,0.0,0.0,0.0,0.0,0.0
4.665832290362954,2.33,0.0,2.0,0.5,0.0,0.5,0.0,0.0,0.0,0.0,0.0
4.675844806007509,2.34,0.0,2.0,0.5,0.0,0.5,0.0,0.0,0.0,0.0,0.0
4.685857321652065,2.34,0.0,2.0,0.5,0.0,0.5,0.0,0.0,0.0,0.0,0.0
4.6958698372966206,2.35,0.0,2.0,0.5,0.0,0.5,0.0,0.0,0.0,0.0,0.0
4.705882352941177,2.35,0.0,2.0,0.5,0.0,0.5,0.0,0.0,0.0,0.0,0.0
4.715894868585733,2.36,0.0,2.0,0.5,0.0,0.5,0.0,0.0,0.0,0.0,0.0
4.725907384230288,2.36,0.0,2.0,0.5,0.0,0.5,0.0,0.0,0.0,0.0,0.0
4.735919899874844,2.37,0.0,2.0,0.5,0.0,0.5,0.0,0.0,0.0,0.0,0.0
4.745932415519399,2.37,0.0,2.0,0.5,0.0,0.5,0.0,0.0,0.0,0.0,0.0
4.755944931163955,2.38,0.0,2.0,0.5,0.0,0.5,0.0,0.0,0.0,0.0,0.0
4.76595744680851,2.38,0.0,2.0,0.5,0.0,0.5,0.0,0.0,0.0,0.0,0.0
4.7759699624530665,2.39,0.0,2.0,0.5,0.0,0.5,0.0,0.0,0.0,0.0,0.0
4.785982478097623,2.39,0.0,2.0,0.5,0.0,0.5,0.0,0.0,0.0,0.0,0.0
4.795994993742178,2.4,0.0,2.0,0.5,0.0,0.5,0.0,0.0,0.0,0.0,0.0
4.806007509386734,2.4,0.0,2.0,0.5,0.0,0.5,0.0,0.0,0.0,0.0,0.0
4.816020025031289,2.41,0.0,2.0,0.5,0.0,0.5,0.0,0.0,0.0,0.0,0.0
4.826032540675845,2.41,0.0,2.0,0.5,0.0,0.5,0.0,0.0,0.0,0.0,0.0
4.8360450563204,2.42,0.0,2.0,0.5,0.0,0.5,0.0,0.0,0.0,0.0,0.0
4.846057571964956,2.42,0.0,2.0,0.5,0.0,0.5,0.0,0.0,0.0,0.0,0.0
4.856070087609512,2.43,0.0,2.0,0.5,0.0,0.5,0.0,0.0,0.0,0.0,0.0
4.866082603254068,2.43,0.0,2.0,0.5,0.0,0.5,0.0,0.0,0.0,0.0,0.0
4.876095118898624,2.44,0.0,2.0,0.5,0.0,0.5,0.0,0.0,0.0,0.0,0.0
4.886107634543179,2.44,0.0,2.0,0.5,0.0,0.5,0.0,0.0,0.0,0.0,0.0
4.896120150187735,2.45,0.0,2.0,0.5,0.0,0.5,0.0,0.0,0.0,0.0,0.0
4.90613266583229,2.45,0.0,2.0,0.5,0.0,0.5,0.0,0.0,0.0,0.0,0.0
4.916145181476846,2.46,0.0,2.0,0.5,0.0,0.5,0.0,0.0,0.0,0.0,0.0
4.926157697121402,2.46,0.0,2.0,0.5,0.0,0.5,0.0,0.0,0.0,0.0,0.0
4.9361702127659575,2.47,0.0,2.0,0.5,0.0,0.5,0.0,0.0,0.0,0.0,0.0
4.9461827284105135,2.47,0.0,2.0,0.5,0.0,0.5,0.0,0.0,0.0,0.0,0.0
4.956195244055069,2.48,0.0,2.0,0.5,0.0,0.5,0.0,0.0,0.0,0.0,0.0
4.966207759699625,2.48,0.0,2.0,0.5,0.0,0.5,0.0,0.0,0.0,0.0,0.0
4.97622027534418,2.49,0.0,2.0,0.5,0.0,0.5,0.0,0.0,0.0,0.0,0.0
4.986232790988736,2.49,0.0,2.0,0.5,0.0,0.5,0.0,0.0,0.0,0.0,0.0
4.996245306633292,2.5,0.0,2.0,0.5,0.0,0.5,0.0,0.0,0.0,0.0,0.0
5.006257822277847,2.5,0.0,2.0,0.5,0.0,0.5,0.0,0.0,0.0,0.0,0.0
5.016270337922403,2.51,0.0,2.0,0.5,0.0,0.5,0.0,0.0,0.0,0.0,0.0
5.026282853566959,2.51,0.0,2.0,0.5,0.0,0.5,0.0,0.0,0.0,0.0,0.0
5.036295369211515,2.52,0.0,2.0,0.5,0.0,0.5,0.0,0.0,0.0,0.0,0.0
5.04630788485607,2.52,0.0,2.0,0.5,0.0,0.5,0.0,0.0,0.0,0.0,0.0
5.056320400500626,2.53,0.0,2.0,0.5,0.0,0.5,0.0,0.0,0.0,0.0,0.0
5.066332916145182,2.53,0.0,2.0,0.5,0.0,0.5,0.0,0.0,0.0,0.0,0.0
5.076345431789737,2.54,0.0,2.0,0.5,0.0,0.5,0.0,0.0,0.0,0.0,0.0
5.086357947434293,2.54,0.0,2.0,0.5,0.0,0.5,0.0,0.0,0.0,0.0,0.0
5.0963704630788484,2.55,0.0,2.0,0.5,0.0,0.5,0.0,0.0,0.0,0.0,0.0
5.1063829787234045,2.55,0.0,2.0,0.5,0.0,0.5,0.0,0.0,0.0,0.0,0.0
5.11639549436796,2.56,0.0,2.0,0.5,0.0,0.5,0.0,0.0,0.0,0.0,0.0
5.126408010012516,2.56,0.0,2.0,0.5,0.0,0.5,0.0,0.0,0.0,0.0,0.0
5.136420525657072,2.57,0.0,2.0,0.5,0.0,0.5,0.0,0.0,0.0,0.0,0.0
5.146433041301627,2.57,0.0,2.0,0.5,0.0,0.5,0.0,0.0,0.0,0.0,0.0
5.156445556946183,2.58,0.0,2.0,0.5,0.0,0.5,0.0,0.0,0.0,0.0,0.0
5.166458072590738,2.58,0.0,2.0,0.5,0.0,0.5,0.0,0.0,0.0,0.0,0.0
5.176470588235294,2.59,0.0,2.0,0.5,0.0,0.5,0.0,0.0,0.0,0.0,0.0
5.18648310387985,2.59,0.0,2.0,0.5,0.0,0.5,0.0,0.0,0.0,0.0,0.0
5.196495619524406,2.6,0.0,2.0,0.5,0.0,0.5,0.0,0.0,0.0,0.0,0.0
5.206508135168962,2.6,0.0,2.0,0.5,0.0,0.5,0.0,0.0,0.0,0.0,0.0
5.216520650813517,2.61,0.0,2.0,0.5,0.0,0.5,0.0,0.0,0.0,0.0,0.0
5.226533166458073,2.61,0.0,2.0,0.5,0.0,0.5,0.0,0.0,0.0,0.0,0.0
5.236545682102628,2.62,0.0,2.0,0.5,0.0,0.5,0.0,0.0,0.0,0.0,0.0
5.246558197747184,2.62,0.0,2.0,0.5,0.0,0.5,0.0,0.0,0.0,0.0,0.0
5.256570713391739,2.63,0.0,2.0,0.5,0.0,0.5,0.0,0.0,0.0,0.0,0.0
5.2665832290362955,2.63,0.0,2.0,0.5,0.0,0.5,0.0,0.0,0.0,0.0,0.0
5.276595744680852,2.64,0.0,2.0,0.5,0.0,0.5,0.0,0.0,0.0,0.0,0.0
5.286608260325407,2.64,0.0,2.0,0.5,0.0,0.5,0.0,0.0,0.0,0.0,0.0
5.296620775969963,2.65,0.0,2.0,0.5,0.0,0.5,0.0,0.0,0.0,0.0,0.0
5.306633291614518,2.65,0.0,2.0,0.5,0.0,0.5,0.0,0.0,0.0,0.0,0.0
5.316645807259074,2.66,0.0,2.0,0.5,0.0,0.5,0.0,0.0,0.0,0.0,0.0
5.326658322903629,2.66,0.0,2.0,0.5,0.0,0.5,0.0,0.0,0.0,0.0,0.0
5.336670838548185,2.67,0.0,2.0,0.5,0.0,0.5,0.0,0.0,0.0,0.0,0.0
5.346683354192741,2.67,0.0,2.0,0.5,0.0,0.5,0.0,0.0,0.0,0.0,0.0
5.356695869837297,2.68,0.0,2.0,0.5,0.0,0.5,0.0,0.0,0.0,0.0,0.0
5.366708385481853,2.68,0.0,2.0,0.5,0.0,0.5,0.0,0.0,0.0,0.0,0.0
5.376720901126408,2.69,0.0,2.0,0.5,0.0,0.5,0.0,0.0,0.0,0.0,0.0
5.386733416770964,2.69,0.0,2.0,0.5,0.0,0.5,0.0,0.0,0.0,0.0,0.0
5.396745932415519,2.7,0.0,2.0,0.5,0.0,0.5,0.0,0.0,0.0,0.0,0.0
5.406758448060075,2.7,0.0,2.0,0.5,0.0,0.5,0.0,0.0,0.0,0.0,0.0
5.416770963704631,2.71,0.0,2.0,0.5,0.0,0.5,0.0,0.0,0.0,0.0,0.0
5.4267834793491865,2.71,0.0,2.0,0.5,0.0,0.5,0.0,0.0,0.0,0.0,0.0
5.4367959949937426,2.72,0.0,2.0,0.5,0.0,0.5,0.0,0.0,0.0,0.0,0.0
5.446808510638298,2.72,0.0,2.0,0.5,0.0,0.5,0.0,0.0,0.0,0.0,0.0
5.456821026282854,2.73,0.0,2.0,0.5,0.0,0.5,0.0,0.0,0.0,0.0,0.0
5.466833541927409,2.73,0.0,2.0,0.5,0.0,0.5,0.0,0.0,0.0,0.0,0.0
5.476846057571965,2.74,0.0,2.0,0.5,0.0,0.5,0.0,0.0,0.0,0.0,0.0
5.486858573216521,2.74,0.0,2.0,0.5,0.0,0.5,0.0,0.0,0.0,0.0,0.0
5.496871088861076,2.75,0.0,2.0,0.5,0.0,0.5,0.0,0.0,0.0,0.0,0.0
5.506883604505632,2.75,0.0,2.0,0.5,0.0,0.5,0.0,0.0,0.0,0.0,0.0
5.516896120150188,2.76,0.0,2.0,0.5,0.0,0.5,0.0,0.0,0.0,0.0,0.0
5.526908635794744,2.76,0.0,2.0,0.5,0.0,0.5,0.0,0.0,0.0,0.0,0.0
5.536921151439299,2.77,0.0,2.0,0.5,0.0,0.5,0.0,0.0,0.0,0.0,0.0
5.546933667083855,2.77,0.0,2.0,0.5,0.0,0.5,0.0,0.0,0.0,0.0,0.0
5.556946182728411,2.78,0.0,2.0,0.5,0.0,0.5,0.0,0.0,0.0,0.0,0.0
5.566958698372966,2.78,0.0,2.0,0.5,0.0,0.5,0.0,0.0,0.0,0.0,0.0
5.576971214017522,2.79,0.0,2.0,0.5,0.0,0.5,0.0,0.0,0.0,0.0,0.0
5.5869837296620775,2.79,0.0,2.0,0.5,0.0,0.5,0.0,0.0,0.0,0.0,0.0
5.5969962453066335,2.8,0.0,2.0,0.5,0.0,0.5,0.0,0.0,0.0,0.0,0.0
5.607008760951189,2.8,0.0,2.0,0.5,0.0,0.5,0.0,0.0,0.0,0.0,0.0
5.617021276595745,2.81,0.0,2.0,0.5,0.0,0.5,0.0,0.0,0.0,0.0,0.0
5.627033792240301,2.81,0.0,2.0,0.5,0.0,0.5,0.0,0.0,0.0,0.0,0.0
5.637046307884856,2.82,0.0,2.0,0.5,0.0,0.5,0.0,0.0,0.0,0.0,0.0
5.647058823529412,2.82,0.0,2.0,0.5,0.0,0.5,0.0,0.0,0.0,0.0,0.0
5.657071339173967,2.83,0.0,2.0,0.5,0.0,0.5,0.0,0.0,0.0,0.0,0.0
5.667083854818523,2.83,0.0,2.0,0.5,0.0,0.5,0.0,0.0,0.0,0.0,0.0
5.677096370463079,2.84,0.0,2.0,0.5,0.0,0.5,0.0,0.0,0.0,0.0,0.0
5.687108886107635,2.84,0.0,2.0,0.5,0.0,0.5,0.0,0.0,0.0,0.0,0.0
5.697121401752191,2.85,0.0,2.0,0.5,0.0,0.5,0.0,0.0,0.0,0.0,0.0
5.707133917396746,2.85,0.0,2.0,0.5,0.0,0.5,0.0,0.0,0.0,0.0,0.0
5.717146433041302,2.86,0.0,2.0,0.5,0.0,0.5,0.0,0.0,0.0,0.0,0.0
5.727158948685857,2.86,0.0,2.0,0.5,0.0,0.5,0.0,0.0,0.0,0.0,0.0
5.737171464330413,2.87,0.0,2.0,0.5,0.0,0.5,0.0,0.0,0.0,0.0,0.0
5.747183979974968,2.87,0.0,2.0,0.5,0.0,0.5,0.0,0.0,0.0,0.0,0.0
5.7571964956195245,2.88,0.0,2.0,0.5,0.0,0.5,0.0,0.0,0.0,0.0,0.0
5.767209011264081,2.88,0.0,2.0,0.5,0.0,0.5,0.0,0.0,0.0,0.0,0.0
5.777221526908636,2.89,0.0,2.0,0.5,0.0,0.5,0.0,0.0,0.0,0.0,0.0
5.787234042553192,2.89,0.0,2.0,0.5,0.0,0.5,0.0,0.0,0.0,0.0,0.0
5.797246558197747,2.9,0.0,2.0,0.5,0.0,0.5,0.0,0.0,0.0,0.0,0.0
5.807259073842303,2.9,0.0,2.0,0.5,0.0,0.5,0.0,0.0,0.0,0.0,0.0
5.817271589486858,2.91,0.0,2.0,0.5,0.0,0.5,0.0,0.0,0.0,0.0,0.0
5.827284105131414,2.91,0.0,2.0,0.5,0.0,0.5,0.0,0.0,0.0,0.0,0.0
5.8372966207759704,2.92,0.0,2.0,0.5,0.0,0.5,0.0,0.0,0.0,0.0,0.0
5.847309136420526,2.92,0.0,2.0,0.5,0.0,0.5,0.0,0.0,0.0,0.0,0.0
5.857321652065082,2.93,0.0,2.0,0.5,0.0,0.5,0.0,0.0,0.0,0.0,0.0
5.867334167709637,2.93,0.0,2.0,0.5,0.0,0.5,0.0,0.0,0.0,0.0,0.0
5.877346683354193,2.94,0.0,2.0,0.5,0.0,0.5,0.0,0.0,0.0,0.0,0.0
5.887359198998748,2.94,0.0,2.0,0.5,0.0,0.5,0.0,0.0,0.0,0.0,0.0
5.897371714643304,2.95,0.0,2.0,0.5,0.0,0.5,0.0,0.0,0.0,0.0,0.0
5.90738423028786,2.95,0.0,2.0,0.5,0.0,0.5,0.0,0.0,0.0,0.0,0.0
5.9173967459324155,2.96,0.0,2.0,0.5,0.0,0.5,0.0,0.0,0.0,0.0,0.0
5.927409261576972,2.96,0.0,2.0,0.5,0.0,0.5,0.0,0.0,0.0,0.0,0.0
5.937421777221527,2.97,0.0,2.0,0.5,0.0,0.5,0.0,0.0,0.0,0.0,0.0
5.947434292866083,2.97,0.0,2.0,0.5,0.0,0.5,0.0,0.0,0.0,0.0,0.0
5.957446808510638,2.98,0.0,2.0,0.5,0.0,0.5,0.0,0.0,0.0,0.0,0.0
5.967459324155194,2.98,0.0,2.0,0.5,0.0,0.5,0.0,0.0,0.0,0.0,0.0
5.97747183979975,2.99,0.0,2.0,0.5,0.0,0.5,0.0,0.0,0.0,0.0,0.0
5.987484355444305,2.99,0.0,2.0,0.5,0.0,0.5,0.0,0.0,0.0,0.0,0.0
5.997496871088861,3.0,0.0,2.0,0.5,0.0,0.5,0.0,0.0,0.0,0.0,0.0
6.007509386733417,3.0,0.0,2.0,0.5,0.0,0.5,0.0,0.0,0.0,0.0,0.0
6.017521902377973,3.01,0.0,2.0,0.5,0.0,0.5,0.0,0.0,0.0,0.0,0.0
6.027534418022529,3.01,0.0,2.0,0.5,0.0,0.5,0.0,0.0,0.0,0.0,0.0
6.037546933667084,3.02,0.0,2.0,0.5,0.0,0.5,0.0,0.0,0.0,0.0,0.0
6.04755944931164,3.02,0.0,2.0,0.5,0.0,0.5,0.0,0.0,0.0,0.0,0.0
6.057571964956195,3.03,0.0,2.0,0.5,0.0,0.5,0.0,0.0,0.0,0.0,0.0
6.067584480600751,3.03,0.0,2.0,0.5,0.0,0.5,0.0,0.0,0.0,0.0,0.0
6.0775969962453065,3.04,0.0,2.0,0.5,0.0,0.5,0.0,0.0,0.0,0.0,0.0
6.0876095118898625,3.04,0.0,2.0,0.5,0.0,0.5,0.0,0.0,0.0,0.0,0.0
6.097622027534419,3.05,0.0,2.0,0.5,0.0,0.5,0.0,0.0,0.0,0.0,0.0
6.107634543178974,3.05,0.0,2.0,0.5,0.0,0.5,0.0,0.0,0.0,0.0,0.0
6.11764705882353,3.06,0.0,2.0,0.5,0.0,0.5,0.0,0.0,0.0,0.0,0.0
6.127659574468085,3.06,0.0,2.0,0.5,0.0,0.5,0.0,0.0,0.0,0.0,0.0
6.137672090112641,3.07,0.0,2.0,0.5,0.0,0.5,0.0,0.0,0.0,0.0,0.0
6.147684605757196,3.07,0.0,2.0,0.5,0.0,0.5,0.0,0.0,0.0,0.0,0.0
6.157697121401752,3.08,0.0,2.0,0.5,0.0,0.5,0.0,0.0,0.0,0.0,0.0
6.1677096370463085,3.08,0.0,2.0,0.5,0.0,0.5,0.0,0.0,0.0,0.0,0.0
6.177722152690864,3.09,0.0,2.0,0.5,0.0,0.5,0.0,0.0,0.0,0.0,0.0
6.18773466833542,3.09,0.0,2.0,0.5,0.0,0.5,0.0,0.0,0.0,0.0,0.0
6.197747183979975,3.1,0.0,2.0,0.5,0.0,0.5,0.0,0.0,0.0,0.0,0.0
6.207759699624531,3.1,0.0,2.0,0.5,0.0,0.5,0.0,0.0,0.0,0.0,0.0
6.217772215269086,3.11,0.0,2.0,0.5,0.0,0.5,0.0,0.0,0.0,0.0,0.0
6.227784730913642,3.11,0.0,2.0,0.5,0.0,0.5,0.0,0.0,0.0,0.0,0.0
6.237797246558198,3.12,0.0,2.0,0.5,0.0,0.5,0.0,0.0,0.0,0.0,0.0
6.2478097622027535,3.12,0.0,2.0,0.5,0.0,0.5,0.0,0.0,0.0,0.0,0.0
6.25782227784731,3.13,0.0,2.0,0.5,0.0,0.5,0.0,0.0,0.0,0.0,0.0
6.267834793491865,3.13,0.0,2.0,0.5,0.0,0.5,0.0,0.0,0.0,0.0,0.0
6.277847309136421,3.14,0.0,2.0,0.5,0.0,0.5,0.0,0.0,0.0,0.0,0.0
6.287859824780976,3.14,0.0,2.0,0.5,0.0,0.5,0.0,0.0,0.0,0.0,0.0
6.297872340425532,3.15,0.0,2.0,0.5,0.0,0.5,0.0,0.0,0.0,0.0,0.0
6.307884856070088,3.15,0.0,2.0,0.5,0.0,0.5,0.0,0.0,0.0,0.0,0.0
6.317897371714643,3.16,0.0,2.0,0.5,0.0,0.5,0.0,0.0,0.0,0.0,0.0
6.3279098873591995,3.16,0.0,2.0,0.5,0.0,0.5,0.0,0.0,0.0,0.0,0.0
6.337922403003755,3.17,0.0,2.0,0.5,0.0,0.5,0.0,0.0,0.0,0.0,0.0
6.347934918648311,3.17,0.0,2.0,0.5,0.0,0.5,0.0,0.0,0.0,0.0,0.0
6.357947434292866,3.18,0.0,2.0,0.5,0.0,0.5,0.0,0.0,0.0,0.0,0.0
6.367959949937422,3.18,0.0,2.0,0.5,0.0,0.5,0.0,0.0,0.0,0.0,0.0
6.377972465581978,3.19,0.0,2.0,0.5,0.0,0.5,0.0,0.0,0.0,0.0,0.0
6.387984981226533,3.19,0.0,2.0,0.5,0.0,0.5,0.0,0.0,0.0,0.0,0.0
6.397997496871089,3.2,0.0,2.0,0.5,0.0,0.5,0.0,0.0,0.0,0.0,0.0
6.4080100125156445,3.2,0.0,2.0,0.5,0.0,0.5,0.0,0.0,0.0,0.0,0.0
6.418022528160201,3.21,0.0,2.0,0.5,0.0,0.5,0.0,0.0,0.0,0.0,0.0
6.428035043804756,3.21,0.0,2.0,0.5,0.0,0.5,0.0,0.0,0.0,0.0,0.0
6.438047559449312,3.22,0.0,2.0,0.5,0.0,0.5,0.0,0.0,0.0,0.0,0.0
6.448060075093868,3.22,0.0,2.0,0.5,0.0,0.5,0.0,0.0,0.0,0.0,0.0
6.458072590738423,3.23,0.0,2.0,0.5,0.0,0.5,0.0,0.0,0.0,0.0,0.0
6.468085106382979,3.23,0.0,2.0,0.5,0.0,0.5,0.0,0.0,0.0,0.0,0.0
6.478097622027534,3.24,0.0,2.0,0.5,0.0,0.5,0.0,0.0,0.0,0.0,0.0
6.48811013767209,3.24,0.0,2.0,0.5,0.0,0.5,0.0,0.0,0.0,0.0,0.0
6.498122653316646,3.25,0.0,2.0,0.5,0.0,0.5,0.0,0.0,0.0,0.0,0.0
6.508135168961202,3.25,0.0,2.0,0.5,0.0,0.5,0.0,0.0,0.0,0.0,0.0
6.518147684605758,3.26,0.0,2.0,0.5,0.0,0.5,0.0,0.0,0.0,0.0,0.0
6.528160200250313,3.26,0.0,2.0,0.5,0.0,0.5,0.0,0.0,0.0,0.0,0.0
6.538172715894869,3.27,0.0,2.0,0.5,0.0,0.5,0.0,0.0,0.0,0.0,0.0
6.548185231539424,3.27,0.0,2.0,0.5,0.0,0.5,0.0,0.0,0.0,0.0,0.0
6.55819774718398,3.28,0.0,2.0,0.5,0.0,0.5,0.0,0.0,0.0,0.0,0.0
6.5682102628285355,3.28,0.0,2.0,0.5,0.0,0.5,0.0,0.0,0.0,0.0,0.0
6.578222778473092,3.29,0.0,2.0,0.5,0.0,0.5,0.0,0.0,0.0,0.0,0.0
6.588235294117648,3.29,0.0,2.0,0.5,0.0,0.5,0.0,0.0,0.0,0.0,0.0
6.598247809762203,3.3,0.0,2.0,0.5,0.0,0.5,0.0,0.0,0.0,0.0,0.0
6.608260325406759,3.3,0.0,2.0,0.5,0.0,0.5,0.0,0.0,0.0,0.0,0.0
6.618272841051314,3.31,0.0,2.0,0.5,0.0,0.5,0.0,0.0,0.0,0.0,0.0
6.62828535669587,3.31,0.0,2.0,0.5,0.0,0.5,0.0,0.0,0.0,0.0,0.0
6.638297872340425,3.32,0.0,2.0,0.5,0.0,0.5,0.0,0.0,0.0,0.0,0.0
6.648310387984981,3.32,0.0,2.0,0.5,0.0,0.5,0.0,0.0,0.0,0.0,0.0
6.6583229036295375,3.33,0.0,2.0,0.5,0.0,0.5,0.0,0.0,0.0,0.0,0.0
6.668335419274093,3.33,0.0,2.0,0.5,0.0,0.5,0.0,0.0,0.0,0.0,0.0
6.678347934918649,3.34,0.0,2.0,0.5,0.0,0.5,0.0,0.0,0.0,0.0,0.0
6.688360450563204,3.34,0.0,2.0,0.5,0.0,0.5,0.0,0.0,0.0,0.0,0.0
6.69837296620776,3.35,0.0,2.0,0.5,0.0,0.5,0.0,0.0,0.0,0.0,0.0
6.708385481852315,3.35,0.0,2.0,0.5,0.0,0.5,0.0,0.0,0.0,0.0,0.0
6.718397997496871,3.36,0.0,2.0,0.5,0.0,0.5,0.0,0.0,0.0,0.0,0.0
6.728410513141427,3.36,0.0,2.0,0.5,0.0,0.5,0.0,0.0,0.0,0.0,0.0
6.7384230287859825,3.37,0.0,2.0,0.5,0.0,0.5,0.0,0.0,0.0,0.0,0.0
6.748435544430539,3.37,0.0,2.0,0.5,0.0,0.5,0.0,0.0,0.0,0.0,0.0
6.758448060075094,3.38,0.0,2.0,0.5,0.0,0.5,0.0,0.0,0.0,0.0,0.0
6.76846057571965,3.38,0.0,2.0,0.5,0.0,0.5,0.0,0.0,0.0,0.0,0.0
6.778473091364205,3.39,0.0,2.0,0.5,0.0,0.5,0.0,0.0,0.0,0.0,0.0
6.788485607008761,3.39,0.0,2.0,0.5,0.0,0.5,0.0,0.0,0.0,0.0,0.0
6.798498122653317,3.4,0.0,2.0,0.5,0.0,0.5,0.0,0.0,0.0,0.0,0.0
6.808510638297872,3.4,0.0,2.0,0.5,0.0,0.5,0.0,0.0,0.0,0.0,0.0
6.8185231539424285,3.41,0.0,2.0,0.5,0.0,0.5,0.0,0.0,0.0,0.0,0.0
6.828535669586984,3.41,0.0,2.0,0.5,0.0,0.5,0.0,0.0,0.0,0.0,0.0
6.83854818523154,3.42,0.0,2.0,0.5,0.0,0.5,0.0,0.0,0.0,0.0,0.0
6.848560700876095,3.42,0.0,2.0,0.5,0.0,0.5,0.0,0.0,0.0,0.0,0.0
6.858573216520651,3.43,0.0,2.0,0.5,0.0,0.5,0.0,0.0,0.0,0.0,0.0
6.868585732165207,3.43,0.0,2.0,0.5,0.0,0.5,0.0,0.0,0.0,0.0,0.0
6.878598247809762,3.44,0.0,2.0,0.5,0.0,0.5,0.0,0.0,0.0,0.0,0.0
6.888610763454318,3.44,0.0,2.0,0.5,0.0,0.5,0.0,0.0,0.0,0.0,0.0
6.8986232790988735,3.45,0.0,2.0,0.5,0.0,0.5,0.0,0.0,0.0,0.0,0.0
6.90863579474343,3.45,0.0,2.0,0.5,0.0,0.5,0.0,0.0,0.0,0.0,0.0
6.918648310387985,3.46,0.0,2.0,0.5,0.0,0.5,0.0,0.0,0.0,0.0,0.0
6.928660826032541,3.46,0.0,2.0,0.5,0.0,0.5,0.0,0.0,0.0,0.0,0.0
6.938673341677097,3.47,0.0,2.0,0.5,0.0,0.5,0.0,0.0,0.0,0.0,0.0
6.948685857321652,3.47,0.0,2.0,0.5,0.0,0.5,0.0,0.0,0.0,0.0,0.0
6.958698372966208,3.48,0.0,2.0,0.5,0.0,0.5,0.0,0.0,0.0,0.0,0.0
6.968710888610763,3.48,0.0,2.0,0.5,0.0,0.5,0.0,0.0,0.0,0.0,0.0
6.9787234042553195,3.49,0.0,2.0,0.5,0.0,0.5,0.0,0.0,0.0,0.0,0.0
6.988735919899875,3.49,0.0,2.0,0.5,0.0,0.5,0.0,0.0,0.0,0.0,0.0
6.998748435544431,3.5,0.0,2.0,0.5,0.0,0.5,0.0,0.0,0.0,0.0,0.0
7.008760951188987,3.5,0.0,2.0,0.5,0.0,0.5,0.0,0.0,0.0,0.0,0.0
7.018773466833542,3.51,0.0,2.0,0.5,0.0,0.5,0.0,0.0,0.0,0.0,0.0
7.028785982478098,3.51,0.0,2.0,0.5,0.0,0.5,0.0,0.0,0.0,0.0,0.0
7.038798498122653,3.52,0.0,2.0,0.5,0.0,0.5,0.0,0.0,0.0,0.0,0.0
7.048811013767209,3.52,0.0,2.0,0.5,0.0,0.5,0.0,0.0,0.0,0.0,0.0
7.0588235294117645,3.53,0.0,2.0,0.5,0.0,0.5,0.0,0.0,0.0,0.0,0.0
7.068836045056321,3.53,0.0,2.0,0.5,0.0,0.5,0.0,0.0,0.0,0.0,0.0
7.078848560700877,3.54,0.0,2.0,0.5,0.0,0.5,0.0,0.0,0.0,0.0,0.0
7.088861076345432,3.54,0.0,2.0,0.5,0.0,0.5,0.0,0.0,0.0,0.0,0.0
7.098873591989988,3.55,0.0,2.0,0.5,0.0,0.5,0.0,0.0,0.0,0.0,0.0
7.108886107634543,3.55,0.0,2.0,0.5,0.0,0.5,0.0,0.0,0.0,0.0,0.0
7.118898623279099,3.56,0.0,2.0,0.5,0.0,0.5,0.0,0.0,0.0,0.0,0.0
7.128911138923654,3.56,0.0,2.0,0.5,0.0,0.5,0.0,0.0,0.0,0.0,0.0
7.13892365456821,3.57,0.0,2.0,0.5,0.0,0.5,0.0,0.0,0.0,0.0,0.0
7.1489361702127665,3.57,0.0,2.0,0.5,0.0,0.5,0.0,0.0,0.0,0.0,0.0
7.158948685857322,3.58,0.0,2.0,0.5,0.0,0.5,0.0,0.0,0.0,0.0,0.0
7.168961201501878,3.58,0.0,2.0,0.5,0.0,0.5,0.0,0.0,0.0,0.0,0.0
7.178973717146433,3.59,0.0,2.0,0.5,0.0,0.5,0.0,0.0,0.0,0.0,0.0
7.188986232790989,3.59,0.0,2.0,0.5,0.0,0.5,0.0,0.0,0.0,0.0,0.0
7.198998748435544,3.6,0.0,2.0,0.5,0.0,0.5,0.0,0.0,0.0,0.0,0.0
7.2090112640801,3.6,0.0,2.0,0.5,0.0,0.5,0.0,0.0,0.0,0.0,0.0
7.219023779724656,3.61,0.0,2.0,0.5,0.0,0.5,0.0,0.0,0.0,0.0,0.0
7.2290362953692116,3.61,0.0,2.0,0.5,0.0,0.5,0.0,0.0,0.0,0.0,0.0
7.239048811013768,3.62,0.0,2.0,0.5,0.0,0.5,0.0,0.0,0.0,0.0,0.0
7.249061326658323,3.62,0.0,2.0,0.5,0.0,0.5,0.0,0.0,0.0,0.0,0.0
7.259073842302879,3.63,0.0,2.0,0.5,0.0,0.5,0.0,0.0,0.0,0.0,0.0
7.269086357947434,3.63,0.0,2.0,0.5,0.0,0.5,0.0,0.0,0.0,0.0,0.0
7.27909887359199,3.64,0.0,2.0,0.5,0.0,0.5,0.0,0.0,0.0,0.0,0.0
7.289111389236546,3.64,0.0,2.0,0.5,0.0,0.5,0.0,0.0,0.0,0.0,0.0
7.299123904881101,3.65,0.0,2.0,0.5,0.0,0.5,0.0,0.0,0.0,0.0,0.0
7.3091364205256575,3.65,0.0,2.0,0.5,0.0,0.5,0.0,0.0,0.0,0.0,0.0
7.319148936170213,3.66,0.0,2.0,0.5,0.0,0.5,0.0,0.0,0.0,0.0,0.0
7.329161451814769,3.66,0.0,2.0,0.5,0.0,0.5,0.0,0.0,0.0,0.0,0.0
7.339173967459324,3.67,0.0,2.0,0.5,0.0,0.5,0.0,0.0,0.0,0.0,0.0
7.34918648310388,3.67,0.0,2.0,0.5,0.0,0.5,0.0,0.0,0.0,0.0,0.0
7.359198998748436,3.68,0.0,2.0,0.5,0.0,0.5,0.0,0.0,0.0,0.0,0.0
7.369211514392991,3.68,0.0,2.0,0.5,0.0,0.5,0.0,0.0,0.0,0.0,0.0
7.379224030037547,3.69,0.0,2.0,0.5,0.0,0.5,0.0,0.0,0.0,0.0,0.0
7.3892365456821025,3.69,0.0,2.0,0.5,0.0,0.5,0.0,0.0,0.0,0.0,0.0
7.399249061326659,3.7,0.0,2.0,0.5,0.0,0.5,0.0,0.0,0.0,0.0,0.0
7.409261576971214,3.7,0.0,2.0,0.5,0.0,0.5,0.0,0.0,0.0,0.0,0.0
7.41927409261577,3.71,0.0,2.0,0.5,0.0,0.5,0.0,0.0,0.0,0.0,0.0
7.429286608260326,3.71,0.0,2.0,0.5,0.0,0.5,0.0,0.0,0.0,0.0,0.0
7.439299123904881,3.72,0.0,2.0,0.5,0.0,0.5,0.0,0.0,0.0,0.0,0.0
7.449311639549437,3.72,0.0,2.0,0.5,0.0,0.5,0.0,0.0,0.0,0.0,0.0
7.459324155193992,3.73,0.0,2.0,0.5,0.0,0.5,0.0,0.0,0.0,0.0,0.0
7.4693366708385485,3.73,0.0,2.0,0.5,0.0,0.5,0.0,0.0,0.0,0.0,0.0
7.479349186483104,3.74,0.0,2.0,0.5,0.0,0.5,0.0,0.0,0.0,0.0,0.0
7.48936170212766,3.74,0.0,2.0,0.5,0.0,0.5,0.0,0.0,0.0,0.0,0.0
7.499374217772216,3.75,0.0,2.0,0.5,0.0,0.5,0.0,0.0,0.0,0.0,0.0
7.509386733416771,3.75,0.0,2.0,0.5,0.0,0.5,0.0,0.0,0.0,0.0,0.0
7.519399249061327,3.76,0.0,2.0,0.5,0.0,0.5,0.0,0.0,0.0,0.0,0.0
7.529411764705882,3.76,0.0,2.0,0.5,0.0,0.5,0.0,0.0,0.0,0.0,0.0
7.539424280350438,3.77,0.0,2.0,0.5,0.0,0.5,0.0,0.0,0.0,0.0,0.0
7.5494367959949935,3.77,0.0,2.0,0.5,0.0,0.5,0.0,0.0,0.0,0.0,0.0
7.55944931163955,3.78,0.0,2.0,0.5,0.0,0.5,0.0,0.0,0.0,0.0,0.0
7.569461827284106,3.78,0.0,2.0,0.5,0.0,0.5,0.0,0.0,0.0,0.0,0.0
7.579474342928661,3.79,0.0,2.0,0.5,0.0,0.5,0.0,0.0,0.0,0.0,0.0
7.589486858573217,3.79,0.0,2.0,0.5,0.0,0.5,0.0,0.0,0.0,0.0,0.0
7.599499374217772,3.8,0.0,2.0,0.5,0.0,0.5,0.0,0.0,0.0,0.0,0.0
7.609511889862328,3.8,0.0,2.0,0.5,0.0,0.5,0.0,0.0,0.0,0.0,0.0
7.619524405506883,3.81,0.0,2.0,0.5,0.0,0.5,0.0,0.0,0.0,0.0,0.0
7.629536921151439,3.81,0.0,2.0,0.5,0.0,0.5,0.0,0.0,0.0,0.0,0.0
7.6395494367959955,3.82,0.0,2.0,0.5,0.0,0.5,0.0,0.0,0.0,0.0,0.0
7.649561952440551,3.82,0.0,2.0,0.5,0.0,0.5,0.0,0.0,0.0,0.0,0.0
7.659574468085107,3.83,0.0,2.0,0.5,0.0,0.5,0.0,0.0,0.0,0.0,0.0
7.669586983729662,3.83,0.0,2.0,0.5,0.0,0.5,0.0,0.0,0.0,0.0,0.0
7.679599499374218,3.84,0.0,2.0,0.5,0.0,0.5,0.0,0.0,0.0,0.0,0.0
7.689612015018774,3.84,0.0,2.0,0.5,0.0,0.5,0.0,0.0,0.0,0.0,0.0
7.699624530663329,3.85,0.0,2.0,0.5,0.0,0.5,0.0,0.0,0.0,0.0,0.0
7.709637046307885,3.85,0.0,2.0,0.5,0.0,0.5,0.0,0.0,0.0,0.0,0.0
7.719649561952441,3.86,0.0,2.0,0.5,0.0,0.5,0.0,0.0,0.0,0.0,0.0
7.729662077596997,3.86,0.0,2.0,0.5,0.0,0.5,0.0,0.0,0.0,0.0,0.0
7.739674593241552,3.87,0.0,2.0,0.5,0.0,0.5,0.0,0.0,0.0,0.0,0.0
7.749687108886108,3.87,0.0,2.0,0.5,0.0,0.5,0.0,0.0,0.0,0.0,0.0
7.759699624530664,3.88,0.0,2.0,0.5,0.0,0.5,0.0,0.0,0.0,0.0,0.0
7.769712140175219,3.88,0.0,2.0,0.5,0.0,0.5,0.0,0.0,0.0,0.0,0.0
7.779724655819775,3.89,0.0,2.0,0.5,0.0,0.5,0.0,0.0,0.0,0.0,0.0
7.78973717146433,3.89,0.0,2.0,0.5,0.0,0.5,0.0,0.0,0.0,0.0,0.0
7.7997496871088865,3.9,0.0,2.0,0.5,0.0,0.5,0.0,0.0,0.0,0.0,0.0
7.809762202753442,3.9,0.0,2.0,0.5,0.0,0.5,0.0,0.0,0.0,0.0,0.0
7.819774718397998,3.91,0.0,2.0,0.5,0.0,0.5,0.0,0.0,0.0,0.0,0.0
7.829787234042554,3.91,0.0,2.0,0.5,0.0,0.5,0.0,0.0,0.0,0.0,0.0
7.839799749687109,3.92,0.0,2.0,0.5,0.0,0.5,0.0,0.0,0.0,0.0,0.0
7.849812265331665,3.92,0.0,2.0,0.5,0.0,0.5,0.0,0.0,0.0,0.0,0.0
7.85982478097622,3.93,0.0,2.0,0.5,0.0,0.5,0.0,0.0,0.0,0.0,0.0
7.869837296620776,3.93,0.0,2.0,0.5,0.0,0.5,0.0,0.0,0.0,0.0,0.0
7.8798498122653315,3.94,0.0,2.0,0.5,0.0,0.5,0.0,0.0,0.0,0.0,0.0
7.889862327909888,3.94,0.0,2.0,0.5,0.0,0.5,0.0,0.0,0.0,0.0,0.0
7.899874843554444,3.95,0.0,2.0,0.5,0.0,0.5,0.0,0.0,0.0,0.0,0.0
7.909887359198999,3.95,0.0,2.0,0.5,0.0,0.5,0.0,0.0,0.0,0.0,0.0
7.919899874843555,3.96,0.0,2.0,0.5,0.0,0.5,0.0,0.0,0.0,0.0,0.0
7.92991239048811,3.96,0.0,2.0,0.5,0.0,0.5,0.0,0.0,0.0,0.0,0.0
7.939924906132666,3.97,0.0,2.0,0.5,0.0,0.5,0.0,0.0,0.0,0.0,0.0
7.949937421777221,3.97,0.0,2.0,0.5,0.0,0.5,0.0,0.0,0.0,0.0,0.0
7.9599499374217775,3.98,0.0,2.0,0.5,0.0,0.5,0.0,0.0,0.0,0.0,0.0
7.9699624530663336,3.98,0.0,2.0,0.5,0.0,0.5,0.0,0.0,0.0,0.0,0.0
7.979974968710889,3.99,0.0,2.0,0.5,0.0,0.5,0.0,0.0,0.0,0.0,0.0
7.989987484355445,3.99,0.0,2.0,0.5,0.0,0.5,0.0,0.0,0.0,0.0,0.0
8.0,4.0,0.0,2.0,0.5,0.0,0.5,0.0,0.0,0.0,0.0,0.0
