timestamp,x,y,z,yaw,odor_concentration,is_surging,is_casting,vx,vy,vz,heading,angular_velocity
1744751520.125284,4.010166168212891,-0.5003044605255127,2.0022451877593994,3.1412437374305338,0.6,False,True,-0.5,0.00114332086935123,-0.001122593879699707,3.1393060158364894,62.786120316729786
1744751520.160275,4.0103020668029785,-0.501579225063324,2.0015461444854736,-3.1414216602266904,0.6,False,True,-0.5,0.0061570365959944745,-0.0007730722427368164,3.1292792027617518,-0.20053626149475257
1744751520.194186,4.010318279266357,-0.5024566054344177,2.0009188652038574,-3.1409535232540877,0.6,False,True,-0.5,0.014404945399949565,-0.00045943260192871094,3.1127907296533683,-0.32976946216766834
1744751520.224085,4.010127544403076,-0.503258466720581,2.0003743171691895,-3.140347726638743,0.6,False,True,-0.5,0.024334166413026357,-0.00018715858459472656,3.0929626916256376,-0.396560760554614
1744751520.2570903,4.009664058685303,-0.5040419697761536,1.9998470544815063,-3.140084099674496,0.6,False,True,-0.5,0.03795036017849684,7.647275924682617e-05,3.065837184138015,-0.5425101497524487
1744751520.2920446,4.008889675140381,-0.5048146843910217,1.999449372291565,-3.1401606471332943,0.6,False,True,-0.5,0.0550970891171903,0.0002753138542175293,3.0318412740996155,-0.6799182007679949
1744751520.3259702,4.007736682891846,-0.5054319500923157,1.9991647005081177,-3.1407376645976464,0.6,False,True,-0.5,0.07401535537143714,0.0004176497459411621,2.9946292154169485,-0.7442411736533394
1744751520.357904,4.0060625076293945,-0.5059846043586731,1.9990501403808594,3.1409905502038433,0.6,False,True,-0.5,0.0934825628700702,0.0004749298095703125,2.9567614623321408,-0.7573550616961544
1744751520.3937783,4.002917766571045,-0.5066758394241333,1.9990558624267578,3.1409087084025424,0.6,False,True,-0.5,0.116796657556638,0.00047206878662109375,2.9121141764383456,-0.8929457178759037
1744751520.4247189,3.9998035430908203,-0.5071493983268738,1.9993493556976318,3.1392398578565834,0.6,False,True,-0.5,0.1377012815158385,0.00032532215118408203,2.872852221570767,-0.785239097351571
1744751520.4576724,3.9958906173706055,-0.5075241923332214,1.9996763467788696,3.137690094055364,0.6,False,True,-0.5,0.16032334082528338,0.00016182661056518555,2.8313032066827546,-0.8309802977602487
1744751520.4934316,3.991224527359009,-0.5077672004699707,2.0001285076141357,3.134826050490049,0.6,False,True,-0.5,0.18474203341461207,-6.42538070678711e-05,2.787666617639457,-0.8727317808659496
1744751520.524471,3.9858310222625732,-0.5079238414764404,2.000488042831421,3.132507625474141,0.6,False,True,-0.5,0.20537625687173613,-0.00024402141571044922,2.7518513724273013,-0.7163049042431169
1744751520.5593545,3.9796977043151855,-0.5080288648605347,2.000786066055298,3.129985039310668,0.6,False,True,-0.5,0.22742972401915768,-0.0003930330276489258,2.7147049637624043,-0.7429281732979387
1744751520.5913522,3.9729301929473877,-0.5080077052116394,2.0010108947753906,3.1249751104088044,0.6,False,True,-0.5,0.24615653866139015,-0.0005054473876953125,2.684113471222403,-0.6118298508000297
1744751520.6263065,3.963047742843628,-0.5076483488082886,2.0011579990386963,3.119668445102391,0.6,False,True,-0.5,0.26448514811571233,-0.0005789995193481445,2.6550383073981116,-0.5815032764858241
1744751520.6591902,3.955026149749756,-0.5071114897727966,2.001225471496582,3.1170608514294735,0.6,False,True,-0.5,0.2792750158648702,-0.0006127357482910156,2.63220882658082,-0.4565896163458304
1744751520.6912544,3.9465131759643555,-0.5063634514808655,2.0012495517730713,3.1115615365955125,0.6,False,True,-0.5,0.29103943550327416,-0.0006247758865356445,2.614454688085625,-0.3550827699038983
1744751520.7251143,3.9375839233398438,-0.5054069757461548,2.0011301040649414,3.1053666888296183,0.6,False,True,-0.5,0.30025522217024136,-0.0005650520324707031,2.6007979111189368,-0.27313553933376866
1744751520.758115,3.928250551223755,-0.5042001008987427,2.001039981842041,3.1022588905225104,0.6,False,True,-0.5,0.3057660549354536,-0.0005199909210205078,2.5927367836168855,-0.16122255004102465
1744751520.7919877,3.9186432361602783,-0.5026662945747375,2.0009074211120605,3.0945987604745757,0.6,False,True,-0.5,0.30757570872975004,-0.00045371055603027344,2.590106832226757,-0.05259902780257342
1744751520.82488,3.908644676208496,-0.5008603930473328,2.000683546066284,3.0876678278606353,0.6,False,True,-0.5,0.30538776235049825,-0.00034177303314208984,2.593287624695186,0.06361584936858122
1744751520.8598094,3.8948745727539062,-0.49797505140304565,2.000295400619507,3.0854759159324705,0.6,False,True,-0.5,0.29862377491745334,-0.00014770030975341797,2.603199471555912,0.1982369372145243
1744751520.8916862,3.8842968940734863,-0.49535131454467773,2.000037431716919,3.0797037457146867,0.6,False,True,-0.5,0.2883468681024198,-1.8715858459472656e-05,2.618486417712966,0.30573892314107454
1744751520.926581,3.8735268115997314,-0.49235907196998596,1.99972665309906,3.0747985817042007,0.6,False,True,-0.5,0.27253872293469805,0.0001366734504699707,2.6425366088717817,0.48100382317631585
1744751520.9576323,3.862514019012451,-0.4889884293079376,1.9993375539779663,3.0725661658206813,0.6,False,True,-0.5,0.2544589284140185,0.0003312230110168457,2.670836237434102,0.5659925712464098
1744751520.9916468,3.851378917694092,-0.4852544963359833,1.9989886283874512,3.0653215865123693,0.6,False,True,-0.5,0.23036126348991137,0.0005056858062744141,2.7098577352982103,0.7804299572821627
1744751521.026475,3.840193271636963,-0.48107531666755676,1.9987194538116455,3.0579446733675657,0.6,False,True,-0.5,0.20112279625766336,0.0006402730941772461,2.759151921128318,0.9858837166021581
1744751521.0593936,3.8288190364837646,-0.4766077995300293,1.9983463287353516,3.054472697121723,0.6,False,True,-0.5,0.16940589615048512,0.0008268356323242188,2.8149196162329133,1.1153539020919023
1744751521.0914187,3.817453622817993,-0.4719197750091553,1.997908353805542,3.0490031418592873,0.6,False,True,-0.5,0.1349180470077059,0.001045823097229004,2.878033594543997,1.2622795662216735
1744751521.127248,3.802100419998169,-0.4652253985404968,1.997239589691162,3.0452086748981357,0.6,False,True,-0.5,0.0936469416770651,0.0013802051544189453,2.956443827483522,1.568204658790497
1744751521.1593425,3.790565252304077,-0.4599805474281311,1.9967445135116577,3.0437487540262156,0.6,False,True,-0.5,0.05096912565069045,0.0016277432441711426,3.0400053109674023,1.6712296696776097
1744751521.191181,3.778998613357544,-0.4545527696609497,1.99634850025177,3.04179066207756,0.6,False,True,-0.5,0.0071070962040804785,0.0018257498741149902,3.127379418359552,1.7474821478429894
1744751521.2261393,3.7673697471618652,-0.44918394088745117,1.996036410331726,3.039954008851424,0.6,False,True,-0.5,-0.04385387050898253,0.001981794834136963,-3.0541087817765304,2.033942140870093
1744751521.2570832,3.7556469440460205,-0.44391652941703796,1.9956134557724,3.0393664048071036,0.6,False,True,-0.5,-0.09103048173149425,0.002193272113800049,-2.961504151211028,1.8520926113100518
1744751521.291929,3.7438302040100098,-0.4388226568698883,1.9953104257583618,3.0402731647294665,0.6,False,True,-0.5,-0.14614480364024857,0.002344787120819092,-2.857224538490053,2.085592254419497
1744751521.3268452,3.7279245853424072,-0.4325034022331238,1.9948580265045166,3.043289322366458,0.6,False,True,-0.5,-0.20291134035332356,0.0025709867477416992,-2.7560768242152047,2.022954285496965
1744751521.3587193,3.7159197330474854,-0.42820605635643005,1.9945579767227173,3.044494600429299,0.6,False,True,-0.5,-0.25562361484349705,0.0027210116386413574,-2.66898779915684,1.7417805011672982
1744751521.3936996,3.7037386894226074,-0.4243871569633484,1.9941728115081787,3.0494218218165354,0.6,False,True,-0.5,-0.31400057329322073,0.0029135942459106445,-2.580838120727209,1.7629935685926148
1744751521.4256008,3.6915507316589355,-0.4210946559906006,1.993772029876709,3.056474950738343,0.6,False,True,-0.5,-0.3672209218872024,0.003113985061645508,-2.5081233474059217,1.454295466425748
1744751521.4595702,3.6792025566101074,-0.41837313771247864,1.9934217929840088,3.0611185907423204,0.6,False,True,-0.5,-0.42340057663198877,0.0032891035079956055,-2.438958618667405,1.3832945747703376
1744751521.4925714,3.6666781902313232,-0.41629502177238464,1.9931395053863525,3.0704891727448684,0.6,False,True,-0.5,-0.4769890435081906,0.0034302473068237305,-2.3797430683704497,1.1843110059391027
1744751521.5254018,3.6541390419006348,-0.41493844985961914,1.9929009675979614,3.0804954998025806,0.6,False,True,-0.5,-0.5288680780099524,0.003549516201019287,-2.3281437549484196,1.0319862684406012
1744751521.5574193,3.641528367996216,-0.4143753945827484,1.9927729368209839,3.0859395307122353,0.6,False,True,-0.5,-0.5776522071151949,0.0036135315895080566,-2.2842619791273657,0.8776355164210781
1744751521.5923545,3.624795436859131,-0.4147285223007202,1.9927996397018433,3.098523599676706,0.6,False,True,-0.5,-0.6283492141744834,0.003600180149078369,-2.2429317676580562,0.8266042293861897
1744751521.6243646,3.6122097969055176,-0.4159815311431885,1.992859125137329,3.1112288172939646,0.6,False,True,-0.5,-0.67205188122804,0.0035704374313354492,-2.2104400423098545,0.6498345069640354
1744751521.6572628,3.5996670722961426,-0.4181484282016754,1.9930386543273926,3.119532219251728,0.6,False,True,-0.5,-0.7138179573495572,0.003480672836303711,-2.1818300786610023,0.5721992729770431
1744751521.692169,3.5871481895446777,-0.42124736309051514,1.9931871891021729,3.134412827670656,0.6,False,True,-0.5,-0.7542140024610553,0.0034064054489135742,-2.1562157519990017,0.5122865332400117
1744751521.7272077,3.5746495723724365,-0.42526182532310486,1.9934076070785522,-3.130420358509232,0.6,False,True,-0.5,-0.7902563014863125,0.003296196460723877,-2.134917940816959,0.42595622364085095
1744751521.757034,3.562124729156494,-0.4302401840686798,1.993478536605835,-3.1209336279074655,0.6,False,True,-0.5,-0.8170873121635163,0.0032607316970825195,-2.1199415239803776,0.2995283367316315
1744751521.792094,3.549689531326294,-0.4361991584300995,1.9935667514801025,-3.103645055108251,0.6,False,True,-0.5,-0.8437770869181623,0.0032166242599487305,-2.10573732121795,0.2840840552485524
1744751521.8259227,3.5328736305236816,-0.44562557339668274,1.993630051612854,-3.08700630651691,0.6,False,True,-0.5,-0.8642545855060229,0.003184974193572998,-2.095281871225604,0.2091089998469186
1744751521.862779,3.5202739238739014,-0.45383065938949585,1.9935858249664307,-3.0793244936943776,0.6,False,True,-0.5,-0.880355341138443,0.003207087516784668,-2.0873180798194872,0.1592758281223361
1744751521.8907392,3.507603645324707,-0.46304598450660706,1.9935822486877441,-3.0596423478838988,0.6,False,True,-0.5,-0.8880971082277864,0.0032088756561279297,-2.083566663405922,0.0750283282713049
1744751521.926736,3.4948811531066895,-0.47318100929260254,1.9935226440429688,-3.041797694836196,0.6,False,True,-0.5,-0.892182194531509,0.003238677978515625,-2.0816070994800073,0.039191278518293515
1744751521.9586308,3.482041120529175,-0.484251469373703,1.9935424327850342,-3.0329027286329704,0.6,False,True,-0.5,-0.8901522680121899,0.00322878360748291,-2.082579120472763,-0.019440419855110136
1744751521.9925778,3.468991279602051,-0.49619191884994507,1.9933717250823975,-3.0232549379004467,0.6,False,True,-0.5,-0.8820673887775617,0.0033141374588012695,-2.0864841817952735,-0.07810122645021345
1744751522.0235689,3.4559059143066406,-0.5090532898902893,1.9932392835617065,-3.010144561345121,0.6,False,True,-0.5,-0.8693000025212123,0.0033803582191467285,-2.092762434539016,-0.1255650548748477
1744751522.0593956,3.4382004737854004,-0.5276542901992798,1.9929784536361694,-3.000556014960728,0.6,False,True,-0.5,-0.8481294781387457,0.003510773181915283,-2.103483676527876,-0.21442483977720528
1744751522.0912945,3.4248077869415283,-0.5425215363502502,1.9928230047225952,-2.9847604592576884,0.6,False,True,-0.5,-0.8235131857971442,0.0035884976387023926,-2.1164601219968824,-0.2595289093801245
1744751522.1232708,3.4113872051239014,-0.5580689907073975,1.992655634880066,-2.9660775242486426,0.6,False,True,-0.5,-0.7934586127111006,0.003672182559967041,-2.133092298040121,-0.33264352086477267
1744751522.1592374,3.397732973098755,-0.5743913650512695,1.9925662279129028,-2.9565309156587225,0.6,False,True,-0.5,-0.7545201471612267,0.003716886043548584,-2.1560288663703977,-0.4587313666055337
1744751522.192139,3.3839123249053955,-0.5913180112838745,1.992292046546936,-2.939371777475883,0.6,False,True,-0.5,-0.7108654648873327,0.0038539767265319824,-2.1837790999816855,-0.5550046722257562
1744751522.2240467,3.369915723800659,-0.6088205575942993,1.9921644926071167,-2.9205875255120946,0.6,False,True,-0.5,-0.6646360584501186,0.00391775369644165,-2.2157623280961474,-0.6396645622892372
1744751522.259097,3.3558061122894287,-0.6267824172973633,1.9920233488082886,-2.910577910009952,0.6,False,True,-0.5,-0.6083695560012797,0.003988325595855713,-2.258730431380626,-0.8593620656895684
1744751522.2909756,3.341541290283203,-0.645285964012146,1.9918041229248047,-2.896814806738657,0.6,False,True,-0.5,-0.552385190118644,0.004097938537597656,-2.3064579602488173,-0.9545505773638308
1744751522.3239155,3.322471857070923,-0.6703728437423706,1.9916328191757202,-2.885519335371471,0.6,False,True,-0.5,-0.49006981943889355,0.004183590412139893,-2.3662239319609393,-1.195319434242439
1744751522.3568597,3.3081202507019043,-0.6894365549087524,1.9913374185562134,-2.877485840051704,0.6,False,True,-0.5,-0.4234101637609983,0.0043312907218933105,-2.4389474519402383,-1.4544703995859805
1744751522.3907995,3.293656349182129,-0.7085512280464172,1.9909729957580566,-2.8687859445098396,0.6,False,True,-0.5,-0.3506017706922061,0.00451350212097168,-2.5300593999396903,-1.8222389599890398
1744751522.4246216,3.2790956497192383,-0.7278013825416565,1.990712285041809,-2.856545041327439,0.6,False,True,-0.5,-0.2741916980815108,0.004643857479095459,-2.6399914444349806,-2.1986408899058048
1744751522.458673,3.2644808292388916,-0.746913492679596,1.9904268980026245,-2.8511900654185762,0.6,False,True,-0.5,-0.19383242131917777,0.004786550998687744,-2.771765050803173,-2.6354721273638493
1744751522.4935317,3.2449233531951904,-0.771964967250824,1.990156650543213,-2.8432029675938804,0.6,False,True,-0.5,-0.10842333380481667,0.004921674728393555,-2.9280520880497853,-3.125740744932246
1744751522.5254993,3.230187177658081,-0.7903369069099426,1.9900259971618652,-2.8356288881827356,0.6,False,True,-0.5,-0.02770823883524247,0.004987001419067383,-3.086232799364302,-3.1636142262903357
1744751522.5574622,3.2153878211975098,-0.8081436157226562,1.9896762371063232,-2.8313174565907793,0.6,False,True,-0.5,0.0548530840728228,0.005161881446838379,3.0323234550738714,-3.2925810548282595
1744751522.5914657,3.200359344482422,-0.8255013227462769,1.989149570465088,-2.827197485494105,0.6,False,True,-0.5,0.14441713943785645,0.005425214767456055,2.8604108559043353,-3.438251983390721
1744751522.6253104,3.1854546070098877,-0.8420058488845825,1.9885404109954834,-2.826043865033311,0.6,False,True,-0.5,0.2347507370086498,0.005729794502258301,2.7026401712910455,-3.155413692265796
1744751522.6592228,3.170348644256592,-0.8577691316604614,1.9880585670471191,-2.8253371037319006,0.6,False,True,-0.5,0.3260210550644457,0.00597071647644043,2.563783194010505,-2.777139545610812
1744751522.6912155,3.155221700668335,-0.872520923614502,1.9874820709228516,-2.82990739853065,0.6,False,True,-0.5,0.4123622664517492,0.006258964538574219,2.4519565385542177,-2.236533109125744
1744751522.727152,3.1400797367095947,-0.8860893845558167,1.9870274066925049,-2.8317925682895893,0.6,False,True,-0.5,0.5091153995842251,0.006486296653747559,2.3471616762318233,-2.095897246447888
1744751522.757043,3.1249208450317383,-0.8985219597816467,1.9863969087600708,-2.831976391760973,0.6,False,True,-0.5,0.5889777508909791,0.0068015456199646,2.274668002453844,-1.4498734755595861
1744751522.7920136,3.104571580886841,-0.913132905960083,1.9852678775787354,-2.8382779463974925,0.6,False,True,-0.5,0.6813477602647965,0.007366061210632324,2.2038743326410026,-1.415873396256826
1744751522.8249002,3.0894274711608887,-0.9224751591682434,1.984382152557373,-2.8495606640475404,0.6,False,True,-0.5,0.7666133976369583,0.0078089237213134766,2.1487300571682133,-1.1028855094557866
1744751522.857828,3.074213743209839,-0.9304828643798828,1.9834154844284058,-2.8576706482361285,0.6,False,True,-0.5,0.850048428341147,0.00829225778579712,2.1024954962175357,-0.9246912190135514
1744751522.8917944,3.0590949058532715,-0.9370579123497009,1.9825445413589478,-2.870468431444967,0.6,False,True,-0.5,0.9336275116856466,0.008727729320526123,2.0624743354446013,-0.8004232154586877
1744751522.924644,3.0439438819885254,-0.9422019720077515,1.9816659688949585,-2.8874822137984415,0.6,False,True,-0.5,1.0116441752470713,0.009167015552520752,2.0298292857932734,-0.6529009930265595
1744751522.9596345,3.028956413269043,-0.945868968963623,1.9808399677276611,-2.89464720044207,0.6,False,True,-0.5,1.091283181751623,0.009580016136169434,2.0004287574902473,-0.5880105660605217
1744751522.9925563,3.0090720653533936,-0.9484954476356506,1.9797673225402832,-2.901868298942696,0.6,False,True,-0.5,1.1625322810549983,0.010116338729858398,1.976975050478862,-0.46907414022770766
1744751523.0255172,2.994208335876465,-0.9487422108650208,1.978900671005249,-2.914928836575735,0.6,False,True,-0.5,1.2299644434704295,0.010549664497375488,1.956907136059575,-0.4013582883857403
1744751523.059469,2.979628801345825,-0.9475953578948975,1.9781739711761475,-2.9189688727699417,0.6,False,True,-0.5,1.2949681298844857,0.01091301441192627,1.9392714213063786,-0.35271429506392504
1744751523.0933433,2.964996576309204,-0.9449066519737244,1.9773991107940674,-2.933183850508897,0.6,False,True,-0.5,1.3550017366728382,0.011300444602966309,1.9242992065030644,-0.29944429606628464
1744751523.1243436,2.9505717754364014,-0.9407152533531189,1.976801872253418,-2.9500610886373986,0.6,False,True,-0.5,1.3928387760038987,0.011599063873291016,1.915447835709705,-0.17702741586719023
1744751523.160207,2.9362130165100098,-0.9350588321685791,1.9762177467346191,-2.954481492377941,0.6,False,True,-0.5,1.4271761683511293,0.01189112663269043,1.9077759447871883,-0.15343781845033266
1744751523.194197,2.9171195030212402,-0.9249721169471741,1.97563898563385,-2.972181666364314,0.6,False,True,-0.5,1.4550580572630745,0.012180507183074951,1.9017840971475741,-0.11983695279228268
1744751523.2250328,2.9075703620910645,-0.918919563293457,1.9753904342651367,-2.9940352349849713,0.6,False,True,-0.5,1.4740460010461722,0.01230478286743164,1.8978197440009745,-0.07928706293199195
1744751523.2590146,2.88840651512146,-0.9047159552574158,1.9750549793243408,-3.0025358985506294,0.6,False,True,-0.5,1.4889517962450372,0.01247251033782959,1.8947712635559413,-0.06096960890066505
1744751523.2929137,2.87410306930542,-0.8923749327659607,1.9748002290725708,-3.0256757783222388,0.6,False,True,-0.5,1.4975605929850075,0.0125998854637146,1.8930354776871452,-0.034715717375921606
1744751523.3258288,2.859745502471924,-0.8784839510917664,1.9746218919754028,-3.0462042932623103,0.6,False,True,-0.5,1.4999798491027705,0.012689054012298584,1.8925509114197123,-0.009691325348657465
1744751523.3598118,2.845390796661377,-0.8630519509315491,1.9745838642120361,-3.0582058219434907,0.6,False,True,-0.5,1.49641855208134,0.012708067893981934,1.8932647131789666,0.01427603518508569
1744751523.3937685,2.831042528152466,-0.8460556268692017,1.9745994806289673,-3.077144286930865,0.6,False,True,-0.5,1.4868071614282898,0.012700259685516357,1.8952064954010908,0.03883564444248311
1744751523.88167,2.816598653793335,-0.8278811573982239,1.9746230840682983,-3.0908460481945372,0.6021743390043562,False,True,-0.5,1.4724018186118684,0.01268845796585083,1.8981593966439556,0.05905802485729694
1744751523.882895,2.8019697666168213,-0.8084114193916321,1.974630355834961,-3.1011621017554187,0.6055087372464953,False,True,-0.5,0.7898711623265027,0.012684822082519531,2.1351382215658243,4.739576498437374
1744751523.8834593,2.782271385192871,-0.7807574272155762,1.9746893644332886,-3.121397179301184,0.6043273929325373,False,True,-0.5,0.7888166550636144,0.012655317783355713,2.1357421335954956,0.012078240593424994
1744751523.8838675,2.7722768783569336,-0.7661884427070618,1.9747710227966309,3.1376176094822177,0.607491005935316,False,True,-0.5,0.7876106218977288,0.01261448860168457,2.136434237426928,0.013842076628645117
1744751523.8842773,2.7522499561309814,-0.7360458374023438,1.9750946760177612,3.1242846269595863,0.6088721426999206,False,True,-0.5,0.7866625923842767,0.012452661991119385,2.1369793426857386,0.010902105176215926
1744751523.8846874,2.737093687057495,-0.7125900387763977,1.975435495376587,3.102352206510041,0.6110300688095146,False,True,-0.5,0.785720038873846,0.012282252311706543,2.137522227808412,0.010857702453463958
1744751523.885147,2.7217679023742676,-0.6883972883224487,1.975953459739685,3.076409646288459,0.6105977982650653,False,True,-0.5,0.7848032050199198,0.01202327013015747,2.138051189325446,0.010579230340681534
1744751523.8855565,2.7063300609588623,-0.6637037992477417,1.9765926599502563,3.0656061709762126,0.6117416609201628,False,True,-0.5,0.7837805346697649,0.011703670024871826,2.138642250648532,0.011821226461723455
1744751523.8859622,2.690762996673584,-0.6384145021438599,1.9774669408798218,3.0397123420945515,0.6130567580304229,False,True,-0.5,0.7828661519263682,0.011266529560089111,2.1391716552838482,0.010588092706322882
1744751523.8863678,2.669793128967285,-0.6042094230651855,1.97886323928833,3.0131571909279815,0.6132030459348663,False,True,-0.5,0.7819588837029006,0.010568380355834961,2.139697809663126,0.010523087585552204
1744751523.8867722,2.6539323329925537,-0.5781489610671997,1.980240821838379,3.0002473878314877,0.6150833907095131,False,True,-0.5,0.7810544721072241,0.009879589080810547,2.1402231706293766,0.010507219325015527
1744751523.88726,2.63791561126709,-0.5518513917922974,1.981724739074707,2.976758724354116,0.615677866726486,False,True,-0.5,0.7800974301806707,0.009137630462646484,2.140780044481281,0.011137477038083429
1744751523.88785,2.621777057647705,-0.5252482891082764,1.9832829236984253,2.9480555047335137,0.6914042122802577,False,True,-0.5,0.7788464074624568,0.008358538150787354,2.1415094389479203,0.014587889332791093
1744751523.8883185,2.6055126190185547,-0.49838533997535706,1.984958529472351,2.9384019636410774,0.7070737031302246,False,True,-0.5,0.7777079688636135,0.007520735263824463,2.1421746360955054,0.013303942951701231
1744751523.9088535,2.5781033039093018,-0.45301178097724915,1.987884283065796,2.9109610818014233,0.7258478345692962,False,True,-0.5,0.7312621439377076,0.006057858467102051,2.170532336164458,0.5671540013790555
1744751523.9438493,2.5615642070770264,-0.4255557954311371,1.9896361827850342,2.879565081692485,0.7480007233412529,False,True,-0.5,0.6503990682038292,0.00518190860748291,2.226195362460746,1.1132605259257566
1744751523.9767823,2.544992208480835,-0.3980579674243927,1.991385579109192,2.857269197574553,0.7744652946642063,False,True,-0.5,0.5724240239155287,0.004307210445404053,2.288763864796147,1.2513700467080202
1744751524.01191,2.522786855697632,-0.3613090515136719,1.9936583042144775,2.8483152716143008,0.791077511140996,False,True,-0.5,0.4875969165072283,0.0031708478927612305,2.368752681956656,1.5997763432101753
1744751524.0447166,2.5060019493103027,-0.33387091755867004,1.9952036142349243,2.8319551418120037,0.8078782727431504,False,True,-0.5,0.4070330571695327,0.002398192882537842,2.4583334679188313,1.7916157192435112
1744751524.0757143,2.489151954650879,-0.3066796064376831,1.9967093467712402,2.81598695164389,0.8242843603779213,False,True,-0.5,0.33008960547596655,0.0016453266143798828,2.558094823395178,1.9952271095269314
1744751524.1095023,2.472249984741211,-0.279825896024704,1.9982256889343262,2.8090781207114843,0.8395410877852549,False,True,-0.5,0.2455955836469394,0.0008871555328369141,2.685016911231922,2.5384417567348816
1744751524.143613,2.4553399085998535,-0.253603458404541,1.9998269081115723,2.794676713075044,0.8525562464094647,False,True,-0.5,0.15986660586424709,8.654594421386719e-05,2.832131734563083,2.9422964666232234
1744751524.1794724,2.438408136367798,-0.22797654569149017,2.001703977584839,2.7834860131917836,0.8322046020735531,False,True,-0.5,0.07201868943635589,-0.0008519887924194336,2.998539159288029,3.328148494498917
1744751524.2114372,2.4215126037597656,-0.20314621925354004,2.003671646118164,2.7792454752235405,0.8322064760486539,False,True,-0.5,-0.010816540406126077,-0.0018358230590820312,-3.1199629465200984,3.293664027429171
1744751524.2424026,2.404642343521118,-0.17940384149551392,2.005707263946533,2.774398844004894,0.8413778488790917,False,True,-0.5,-0.08837545926491666,-0.0028536319732666016,-2.966648603687205,3.0662868566578716
1744751524.2773116,2.382188081741333,-0.14946582913398743,2.008427381515503,2.7689702531759353,0.8356650814404807,False,True,-0.5,-0.1750126554539646,-0.004213690757751465,-2.804895285687991,3.2350663599842733
1744751524.3092375,2.3653438091278076,-0.1284649670124054,2.0105066299438477,2.7692327113645936,0.8341896314606101,False,True,-0.5,-0.25349012648044655,-0.005253314971923828,-2.672376448026126,2.650376753237307
1744751524.3441381,2.348440170288086,-0.1088738664984703,2.012489080429077,2.771200966622142,0.8333613496893371,False,True,-0.5,-0.33808082483802515,-0.006244540214538574,-2.5470453748489157,2.506621463544203
1744751524.3770306,2.3315749168395996,-0.0907881036400795,2.014425277709961,2.775244157423531,0.8289141461852079,False,True,-0.5,-0.4164444220598684,-0.007212638854980469,-2.4471167562465226,1.998572372047862
1744751524.4110014,2.3147382736206055,-0.07428889721632004,2.0161635875701904,2.7776190824086164,0.8377461754365456,False,True,-0.5,-0.4957420861870342,-0.008081793785095215,-2.3604705852977244,1.7329234189759646
1744751524.4438794,2.298006296157837,-0.05934325233101845,2.018022298812866,2.789096433125485,0.8668422605543402,False,True,-0.5,-0.57072896101114,-0.009011149406433105,-2.290233489138186,1.4047419231907639
1744751524.4777744,2.275808095932007,-0.04200892150402069,2.0205190181732178,2.7992385805753264,0.8733727863730862,False,True,-0.5,-0.6460058170392151,-0.010259509086608887,-2.2294731058834145,1.2152076650954324
1744751524.5119443,2.2593681812286377,-0.03097718209028244,2.0222949981689453,2.8049758939489773,0.881375073709836,False,True,-0.5,-0.7193395694607428,-0.011147499084472656,-2.1782140008925146,1.0251820998179983
1744751524.5417747,2.2429895401000977,-0.021560661494731903,2.0239815711975098,2.8206193082468074,0.8918672592147616,False,True,-0.5,-0.7817193328536342,-0.011990785598754883,-2.139836877659587,0.7675424646585506
1744751524.5776026,2.2268383502960205,-0.013801793567836285,2.025465488433838,2.838221270880312,0.9026914759704048,False,True,-0.5,-0.8537900495238855,-0.012732744216918945,-2.100578218650701,0.7851731801777184
1744751524.6115232,2.2107598781585693,-0.00772448442876339,2.026921033859253,2.84595589752314,0.9098613190536178,False,True,-0.5,-0.9191045737621828,-0.013460516929626465,-2.069027314775873,0.6310180774965612
1744751524.6444726,2.1948647499084473,-0.0032806657254695892,2.028200387954712,2.8650419707306263,0.917159025589724,False,True,-0.5,-0.9797412223124545,-0.014100193977355957,-2.04268075796773,0.5269311361628581
1744751524.6754491,2.1791555881500244,-0.0004579842498060316,2.0293681621551514,2.8855974220784555,0.9243158159657017,False,True,-0.5,-1.034115446219813,-0.014684081077575684,-2.0211610803020967,0.43039355331266904
1744751524.711474,2.1636199951171875,0.0007615832146257162,2.030459403991699,2.895215184413832,0.9308055273158897,False,True,-0.5,-1.0939614300819471,-0.01522970199584961,-1.999501271934532,0.4331961673512952
1744751524.744245,2.143176317214966,9.042653255164623e-05,2.031783103942871,2.91279420639871,0.9364283375849867,False,True,-0.5,-1.1451378775873648,-0.015891551971435547,-1.9824751677359216,0.34052208397220785
1744751524.7772024,2.128209114074707,-0.0020777625031769276,2.0328714847564697,2.930913327440177,0.9417417412912605,False,True,-0.5,-1.1933745983023467,-0.016435742378234863,-1.9675568870672824,0.2983656133727841
1744751524.8091617,2.1134397983551025,-0.005617066286504269,2.03398060798645,2.94217225898814,0.9466582844315679,False,True,-0.5,-1.2369517601298514,-0.016990303993225098,-1.954934887770735,0.25243998593094563
1744751524.8440924,2.098783493041992,-0.01051647774875164,2.034917116165161,2.96625234096959,0.951126778124741,False,True,-0.5,-1.2809547572878666,-0.017458558082580566,-1.9429421416695178,0.2398549220243451
1744751524.8770227,2.0843088626861572,-0.016731534153223038,2.0357015132904053,2.9906047246979344,0.9551910282865113,False,True,-0.5,-1.31885177820376,-0.017850756645202637,-1.9331721042691226,0.19540074800790558
1744751524.9109182,2.069973945617676,-0.02422436513006687,2.0364341735839844,2.999942664563126,0.9589435664268162,False,True,-0.5,-1.354179347907275,-0.018217086791992188,-1.9244964300372787,0.173513484636878
1744751524.9418833,2.0556652545928955,-0.03298301249742508,2.0371646881103516,3.025364110343173,0.9623839314539273,False,True,-0.5,-1.383151650689423,-0.01858234405517578,-1.917673215228557,0.13646429617443445
1744751524.9757318,2.0415403842926025,-0.0428105890750885,2.0377750396728516,3.0475523428845985,0.9655290608583993,False,True,-0.5,-1.411183880528713,-0.01888751983642578,-1.911307783301599,0.12730863853915864
1744751525.0117855,2.0227456092834473,-0.05780903995037079,2.038449287414551,3.061153291458554,0.9684095174051308,False,True,-0.5,-1.4367137594934263,-0.01922464370727539,-1.9057029582289304,0.11209650145337144
1744751525.041623,2.0086617469787598,-0.0704381987452507,2.038862705230713,3.0830532129732093,0.9643986749451492,False,True,-0.5,-1.4547272129327848,-0.019431352615356445,-1.9018539924818068,0.07697931494247356
1744751525.0766015,1.9946409463882446,-0.08414033055305481,2.0391833782196045,3.1087611871636547,0.9645847292392693,False,True,-0.5,-1.471921129762222,-0.019591689109802246,-1.8982588251244779,0.07190334714657798
1744751525.1094358,1.9804898500442505,-0.09900040179491043,2.039311408996582,3.1209785634401785,0.9651568292461874,False,True,-0.5,-1.484322872878841,-0.019655704498291016,-1.895712068773957,0.05093512701041636
1744751525.1414516,1.9663742780685425,-0.11490172892808914,2.039238214492798,-3.1356562189461075,0.959925345243317,False,True,-0.5,-1.4929376154129974,-0.019619107246398926,-1.8939653679007922,0.03493401746329727
1744751525.1753826,1.952149510383606,-0.13182878494262695,2.039093494415283,-3.1128660768949956,0.9605661775473736,False,True,-0.5,-1.4983639227340237,-0.0195467472076416,-1.892874418158504,0.021818994845763662
1744751525.2125084,1.9330586194992065,-0.15598221123218536,2.0386464595794678,-3.1006459375018567,0.9606312235772718,False,True,-0.5,-1.4999693717418112,-0.019323229789733887,-1.8925530069557495,0.006428224055090581
1744751525.243243,1.9187041521072388,-0.17521721124649048,2.038245439529419,-3.077344341490958,0.9692559151228299,False,True,-0.5,-1.4978732732863322,-0.019122719764709473,-1.8929727699579657,-0.008395260044324893
1744751525.277217,1.9042283296585083,-0.1952575147151947,2.0377793312072754,-3.0530629581262403,0.9700757322981584,False,True,-0.5,-1.4920490839585816,-0.018889665603637695,-1.8941446854510988,-0.023438309862662265
1744751525.311158,1.889638900756836,-0.21614642441272736,2.0372586250305176,-3.0419226976367826,0.9721058097091269,False,True,-0.5,-1.48258254286282,-0.01862931251525879,-1.8960671466733936,-0.0384492244458956
1744751525.3431072,1.8750187158584595,-0.23776689171791077,2.0366463661193848,-3.017448340228321,0.9744137361414775,False,True,-0.5,-1.470426342060859,-0.018323183059692383,-1.898568388083738,-0.05002482820688936
1744751525.3758943,1.8602899312973022,-0.2601732909679413,2.035903215408325,-2.9918204002577053,0.9626776116675513,False,True,-0.5,-1.4547031802692154,-0.017951607704162598,-1.9018590708143903,-0.06581365461304499
1744751525.4109693,1.845497488975525,-0.2832883894443512,2.035100221633911,-2.9817070308562608,0.9606393959764636,False,True,-0.5,-1.434364920653334,-0.017550110816955566,-1.9062111950483183,-0.0870424846785589
1744751525.4439,1.825539231300354,-0.31511539220809937,2.0338265895843506,-2.9594434657103146,0.9563835332830336,False,True,-0.5,-1.4120326003702774,-0.016913294792175293,-1.9111185597251676,-0.09814729353698759
1744751525.4758143,1.8104994297027588,-0.33964115381240845,2.0325798988342285,-2.934285540049732,0.9562321461773569,False,True,-0.5,-1.3874808605943736,-0.016289949417114258,-1.9166752862331544,-0.11113453015973551
1744751525.5107028,1.795324444770813,-0.3646867275238037,2.031238079071045,-2.9224676257595945,0.9535995448413872,False,True,-0.5,-1.3574819453835862,-0.015619039535522461,-1.923705682088663,-0.14060791711017373
1744751525.5415776,1.7801491022109985,-0.3901381194591522,2.0297446250915527,-2.902083003093801,0.9458388066033069,False,True,-0.5,-1.3282594732790773,-0.014872312545776367,-1.9308222730868407,-0.1423318199635526
1744751525.5756526,1.7648534774780273,-0.4161357879638672,2.0282158851623535,-2.8823139305504895,0.9388249186628579,False,True,-0.5,-1.2931847780743224,-0.014107942581176758,-1.939734717845074,-0.17824889516466325
1744751525.6095111,1.7495677471160889,-0.44242063164711,2.026624917984009,-2.8700722906941216,0.934908258331746,False,True,-0.5,-1.2555418485378385,-0.013312458992004395,-1.9497797399996881,-0.20090044309228444
1744751525.6454864,1.7290849685668945,-0.4779573082923889,2.024470567703247,-2.8499920509790186,0.9294460458222153,False,True,-0.5,-1.212659062903562,-0.012235283851623535,-1.9618755439312203,-0.24191607863064402
1744751525.6773942,1.7135316133499146,-0.5049872994422913,2.022791862487793,-2.828159235488727,0.9242672833730279,False,True,-0.5,-1.1721189875174718,-0.011395931243896484,-1.9740026696301889,-0.24254251397937135
1744751525.7114663,1.6978644132614136,-0.53233402967453,2.020878791809082,-2.818456115535008,0.9191248879086469,False,True,-0.5,-1.126550884327499,-0.010439395904541016,-1.9885096127745907,-0.29013886288803636
1744751525.741287,1.6821417808532715,-0.5599606037139893,2.0188581943511963,-2.800133429706443,0.9213385520282811,False,True,-0.5,-1.0847321593413013,-0.009429097175598145,-2.0027133298305686,-0.28407434111955787
1744751525.7752583,1.6664825677871704,-0.5875506401062012,2.016684055328369,-2.779625586648275,0.9182487780365512,False,True,-0.5,-1.0350184052957816,-0.00834202766418457,-2.020819135465236,-0.36211611269334476
1744751525.809207,1.6506887674331665,-0.6152037978172302,2.014355182647705,-2.769042477244555,0.9186505576575779,False,True,-0.5,-0.9832973852134773,-0.007177591323852539,-2.0412153599883576,-0.4079244904624346
1744751525.8431606,1.6348029375076294,-0.6429770588874817,2.011871576309204,-2.749192404918811,0.9162196028369618,False,True,-0.5,-0.9296365908927282,-0.005935788154602051,-2.0642592867448464,-0.46087853512977617
1744751525.8769565,1.6189510822296143,-0.6706727743148804,2.0093181133270264,-2.732109775225163,0.9158049165771951,False,True,-0.5,-0.8744527005509759,-0.004659056663513184,-2.0902120078696664,-0.519054422496401
1744751525.9120533,1.5976698398590088,-0.7074918746948242,2.0059618949890137,-2.7237118910171048,0.9137812599062316,False,True,-0.5,-0.8155705375286432,-0.002980947494506836,-2.120769103077812,-0.6111419041629151
1744751525.9449618,1.5817712545394897,-0.734686553478241,2.003471851348877,-2.709260123769413,0.9150944359954261,False,True,-0.5,-0.7587243489554047,-0.0017359256744384766,-2.153473041665972,-0.6540787717631957
1744751525.9778488,1.5657014846801758,-0.7617865800857544,2.0008890628814697,-2.692576455221153,0.9157296888850219,False,True,-0.5,-0.7006753708758384,-0.0004445314407348633,-2.1905897724843713,-0.7423346163679856
1744751526.01097,1.549503207206726,-0.7886634469032288,1.9984182119369507,-2.6840875203686156,0.9137909530240238,False,True,-0.5,-0.6413483650674454,0.0007908940315246582,-2.2329785471838703,-0.8477754939899818
1744751526.04477,1.5332295894622803,-0.8151540160179138,1.9960048198699951,-2.669184507216464,0.9135599464922518,False,True,-0.5,-0.5793457941654256,0.0019975900650024414,-2.2828136289966308,-0.9967016362552084
1744751526.0776997,1.5169564485549927,-0.8410807251930237,1.9936575889587402,-2.6575077415023003,0.9097729619925283,False,True,-0.5,-0.5181325904631766,0.003171205520629883,-2.338386717534512,-1.1114617707576269
1744751526.1126184,1.4951318502426147,-0.8749898672103882,1.9904587268829346,-2.651618367149872,0.9069665995921515,False,True,-0.5,-0.45250616168764113,0.004770636558532715,-2.406015204055136,-1.3525697304124762
1744751526.1446307,1.4786887168884277,-0.8997849822044373,1.9880560636520386,-2.639326115368167,0.9288180922201912,False,True,-0.5,-0.39167841805198744,0.005971968173980713,-2.47708268933598,-1.4213497056168833
1744751526.177462,1.4622259140014648,-0.9239926934242249,1.9856754541397095,-2.629138698574905,0.9318235200594247,False,True,-0.5,-0.32879676751462594,0.007162272930145264,-2.5598977798051683,-1.656301809383764
1744751526.2125332,1.4456537961959839,-0.9475722312927246,1.9833916425704956,-2.6253051335647584,0.9354762347728591,False,True,-0.5,-0.26338077147658173,0.008304178714752197,-2.656765727932527,-1.9373589625471777
1744751526.2413793,1.4289571046829224,-0.9705609679222107,1.9812724590301514,-2.6157426470334717,0.9406168893289253,False,True,-0.5,-0.20554084646956622,0.009363770484924316,-2.751569746566414,-1.8960803726777353
1744751526.275258,1.412171721458435,-0.9930430054664612,1.9790695905685425,-2.610463978411319,0.9473469472762801,False,True,-0.5,-0.13989769755537587,0.01046520471572876,-2.8687736906337253,-2.3440788813462277
1744751526.3092208,1.395362138748169,-1.014882206916809,1.9768648147583008,-2.607039527090028,0.9510527182874979,False,True,-0.5,-0.0741503355214703,0.01156759262084961,-2.99436505426708,-2.511827272667091
1744751526.3431392,1.378517985343933,-1.035982608795166,1.9746848344802856,-2.604344324023019,0.9548985579331126,False,True,-0.5,-0.008482560869476465,0.012657582759857178,-3.1246291591773434,-2.6052820982052705
1744751526.378191,1.3559921979904175,-1.0628886222839355,1.9720089435577393,-2.603772064404648,0.937458712439278,False,True,-0.5,0.0590467119422676,0.013995528221130371,3.024043660514725,-2.6902497497503624
1744751526.4110754,1.338918685913086,-1.0821515321731567,1.9701554775238037,-2.604355700589342,0.9336769934931781,False,True,-0.5,0.12209040923334183,0.014922261238098145,2.902098321540422,-2.438906779486061
1744751526.442065,1.3219566345214844,-1.100521206855774,1.9683425426483154,-2.6081200918756937,0.9305580143431913,False,True,-0.5,0.18105496068087407,0.015828728675842285,2.7941704820894437,-2.1585567890195634
1744751526.4789455,1.3049312829971313,-1.1181014776229858,1.9665412902832031,-2.6108550262867287,0.9260336829593332,False,True,-0.5,0.25049446655106977,0.016729354858398438,2.677154211104772,-2.340325419693432
1744751526.5088437,1.288004994392395,-1.1349085569381714,1.9647115468978882,-2.611569183247495,0.920110209982161,False,True,-0.5,0.30634479129934583,0.017644226551055908,2.591894789117145,-1.7051884397525452
1744751526.5417788,1.271129846572876,-1.1508641242980957,1.9629571437835693,-2.6102491913929975,0.9153234397847299,False,True,-0.5,0.36704410191872705,0.018521428108215332,2.5083531112742694,-1.6708335568575094
1744751526.5776954,1.2542470693588257,-1.1660155057907104,1.961264729499817,-2.6121680118204083,0.9107954746849247,False,True,-0.5,0.43225848936743255,0.019367635250091553,2.4287308755139665,-1.5924447152060583
1744751526.6106384,1.2373459339141846,-1.1802500486373901,1.9596567153930664,-2.6176710872127855,0.9058441076321969,False,True,-0.5,0.49105590729373216,0.020171642303466797,2.3652190566456364,-1.2702363773666026
1744751526.6445885,1.2149170637130737,-1.1977989673614502,1.9575494527816772,-2.632412266175125,0.9008138802976339,False,True,-0.5,0.5505656645115131,0.021225273609161377,2.3080997614737635,-1.1423859034374573
1744751526.6774457,1.1982057094573975,-1.2097899913787842,1.9561516046524048,-2.648540910561911,0.8967856227251084,False,True,-0.5,0.6070248779785499,0.021924197673797607,2.2598160824075277,-0.9656735813247153
1744751526.7115064,1.181527018547058,-1.2207671403884888,1.9549121856689453,-2.6545560533136134,0.8915596228006385,False,True,-0.5,0.6642385031481101,0.022543907165527344,2.2160497963497567,-0.87532572115542
1744751526.7434306,1.1649037599563599,-1.230672836303711,1.9538301229476929,-2.67547260285879,0.8865688240522344,False,True,-0.5,0.7166107741689897,0.023084938526153564,2.1799963918640013,-0.7210680897151089
1744751526.7772877,1.148274302482605,-1.2395662069320679,1.9528098106384277,-2.693343343956973,0.8820585209625573,False,True,-0.5,0.770765539371729,0.023595094680786133,2.1462611333603077,-0.6747051700738727
1744751526.812109,1.1317716836929321,-1.247428059577942,1.9518728256225586,-2.7033822721319054,0.8777219048338518,False,True,-0.5,0.8248121357382097,0.024063587188720703,2.115761193517697,-0.6099987968522136
1744751526.843277,1.1153522729873657,-1.2542738914489746,1.9509836435317993,-2.715153755537656,0.872749949561,False,True,-0.5,0.871828633326571,0.024508178234100342,2.091508005494619,-0.4850637604615571
1744751526.877079,1.0933127403259277,-1.2615966796875,1.9500211477279663,-2.7316044314678036,0.8689282498213771,False,True,-0.5,0.9211089709860422,0.024989426136016846,2.068113396779679,-0.4678921742987985
1744751526.9100227,1.0766760110855103,-1.265727162361145,1.9494813680648804,-2.7432922200835694,0.8641922826742167,False,True,-0.5,0.9675917594301418,0.025259315967559814,2.047751486223891,-0.40723821111576797
1744751526.9450867,1.0601917505264282,-1.2686693668365479,1.9489163160324097,-2.768531763199631,0.8597984269889558,False,True,-0.5,1.015136527456048,0.025541841983795166,2.0284618356148347,-0.3857930121811215
1744751526.9789596,1.0434430837631226,-1.2704460620880127,1.9485571384429932,-2.7913992236615996,0.8560234493879597,False,True,-0.5,1.0591588040402888,0.025721430778503418,2.0118535746717043,-0.33216521886260786
1744751527.0108871,1.0267316102981567,-1.270997405052185,1.9483479261398315,-2.8047155749629287,0.8524220550094818,False,True,-0.5,1.098976131495426,0.02582603693008423,1.9977747305013573,-0.28157688340693987
1744751527.0428395,1.0099623203277588,-1.2703315019607544,1.9483387470245361,-2.8327469315134524,0.8480203931424275,False,True,-0.5,1.1369939130869526,0.025830626487731934,1.9850988366056597,-0.2535178779139535
1744751527.075801,0.9931089282035828,-1.268456220626831,1.948432445526123,-2.857970037661354,0.844513204000334,False,True,-0.5,1.174454811384758,0.025783777236938477,1.9732846620255322,-0.23628349160254913
1744751527.1096022,0.9763147830963135,-1.2653443813323975,1.9486628770828247,-2.8719903800187248,0.8408328156060529,False,True,-0.5,1.2108104514903044,0.025668561458587646,1.9624134624981802,-0.21742399054704098
1744751527.1445818,0.9539029002189636,-1.2593064308166504,1.949254035949707,-2.88884449767106,0.8369777370670354,False,True,-0.5,1.246265800939193,0.025372982025146484,1.9523354871565641,-0.20155950683232055
1744751527.1774435,0.9369156956672668,-1.2532861232757568,1.9497015476226807,-2.9154734146984933,0.8336352433555826,False,True,-0.5,1.277538117967867,0.025149226188659668,1.9438477063084298,-0.16975561696268565
1744751527.2093983,0.9199293851852417,-1.2460699081420898,1.9503127336502075,-2.930006204490357,0.830451712107249,False,True,-0.5,1.3060363382086533,0.02484363317489624,1.9364206722202886,-0.14854068176282542
1744751527.2454104,0.9029654264450073,-1.2374598979949951,1.950952172279358,-2.9527306872758134,0.8270186007430348,False,True,-0.5,1.334995117244698,0.024523913860321045,1.9291576893935407,-0.14525965653495732
1744751527.277319,0.8858926296234131,-1.2277164459228516,1.9516812562942505,-2.971807535567446,0.8231382137416083,False,True,-0.5,1.3601524412089037,0.024159371852874756,1.9230687526126191,-0.12177873561843189
1744751527.3123133,0.8629646301269531,-1.212746500968933,1.9527148008346558,-2.9821741522185654,0.8212136239836203,False,True,-0.5,1.3846411805088572,0.02364259958267212,1.9173292397829025,-0.11479025659433262
1744751527.3451328,0.8456206321716309,-1.2000877857208252,1.9536880254745483,-2.9988475677899045,0.8168751942731264,False,True,-0.5,1.4054882102057127,0.02315598726272583,1.9125828933029432,-0.09492692959918614
1744751527.3760278,0.8282132148742676,-1.1862339973449707,1.9547590017318726,-3.0151343661043626,0.8146851421647888,False,True,-0.5,1.4232140479768978,0.02262049913406372,1.9086443822385333,-0.078770221288198
1744751527.409908,0.8104339838027954,-1.1711114645004272,1.9558303356170654,-3.0239327029089513,0.8104263150234029,False,True,-0.5,1.4405108056092115,0.022084832191467285,1.904884488990029,-0.07519786497008685
1744751527.442855,0.7926436066627502,-1.1548353433609009,1.9569368362426758,-3.047055672376884,0.8075013227405831,False,True,-0.5,1.4552161474062748,0.02153158187866211,1.9017507085056464,-0.06267560968765018
1744751527.477765,0.7746013402938843,-1.1374917030334473,1.9581595659255981,-3.063973328915748,0.8047016028681824,False,True,-0.5,1.4684909756967481,0.020920217037200928,1.8989700317112153,-0.05561353588862339
1744751527.5087507,0.7563666105270386,-1.1190229654312134,1.959464192390442,-3.073481765124368,0.801749214812373,False,True,-0.5,1.4783232954103576,0.020267903804779053,1.8969393224186177,-0.040614185851950424
1744751527.5447545,0.7318771481513977,-1.0928879976272583,1.961402416229248,-3.089978885979463,0.7997979216507024,False,True,-0.5,1.4874195604743248,0.019298791885375977,1.8950821002078022,-0.03714444421631047
1744751527.5776002,0.7132312059402466,-1.0720349550247192,1.9629340171813965,-3.1073925890464094,0.7959510240231177,False,True,-0.5,1.4935652242899844,0.018532991409301758,1.8938388236334227,-0.024865531487590076
1744751527.612479,0.6944928169250488,-1.0503374338150024,1.9644463062286377,-3.120125239243244,0.793056450419198,False,True,-0.5,1.4978444141814644,0.017776846885681152,1.8929785566365478,-0.017205339937498287
1744751527.6425545,0.6755724549293518,-1.0276072025299072,1.9660464525222778,3.141423388618618,0.8381109221810783,False,True,-0.5,1.4996985812762629,0.016976773738861084,1.892607175840575,-0.007427615919457509
1744751527.677427,0.6566327810287476,-1.0040961503982544,1.9677103757858276,3.1151636563285874,0.8453832636548193,False,True,-0.5,1.4997359651472926,0.01614481210708618,1.8925996965290852,-0.0001495862297939965
1744751527.711559,0.6377255320549011,-0.9798256158828735,1.9695369005203247,3.102577954391142,0.8545003320556428,False,True,-0.5,1.4975993670774916,0.015231549739837646,1.8930277003011513,0.008560075441321757
1744751527.7443762,0.6187783479690552,-0.9546719789505005,1.9716005325317383,3.0787569979533815,0.8662101936621478,False,True,-0.5,1.4935425445782982,0.01419973373413086,1.893843394859766,0.01631389117229265
1744751527.7763162,0.5998210310935974,-0.9287528991699219,1.9737043380737305,3.05510058194734,0.8808409423107377,False,True,-0.5,1.4877346340342497,0.013147830963134766,1.89501813589698,0.023494820744280887
1744751527.8101428,0.5809327960014343,-0.9022535681724548,1.9760822057724,3.0460731721524645,0.8893869463366695,False,True,-0.5,1.479615240183621,0.011958897113800049,1.896674291767748,0.033123117415359005
1744751527.843053,0.5557727813720703,-0.865925133228302,1.9793097972869873,3.027668242791294,0.8981876828730395,False,True,-0.5,1.469794933480351,0.010345101356506348,1.8986993191515087,0.040500547675215166
1744751527.8769386,0.5370613932609558,-0.8381956815719604,1.981730341911316,3.0110729582604714,0.906925153036519,False,True,-0.5,1.4577446964346268,0.009134829044342041,1.9012175594020513,0.05036480501085183
1744751527.910931,0.5182913541793823,-0.8099377751350403,1.9839836359024048,3.0000498999095466,0.9150681449113931,False,True,-0.5,1.4437202553518405,0.008008182048797607,1.9041956757017309,0.05956232599359179
1744751527.9439123,0.49959617853164673,-0.7812514305114746,1.986259937286377,2.980548287969955,0.9219135854315241,False,True,-0.5,1.4282952411785272,0.0068700313568115234,1.9075314380011936,0.06671524598925505
1744751527.9777875,0.48101580142974854,-0.7522763609886169,1.9884248971939087,2.966841238230674,0.9284189132504952,False,True,-0.5,1.4106219710100019,0.005787551403045654,1.9114331733159617,0.07803470629536235
1744751528.009674,0.4625283479690552,-0.7228880524635315,1.9906949996948242,2.9634434679516763,0.9344651593259863,False,True,-0.5,1.3923393036930851,0.004652500152587891,1.9155619067271408,0.08257466822358062
1744751528.0447974,0.4378787875175476,-0.6831698417663574,1.9937973022460938,2.945211847612824,0.9344653297832642,False,True,-0.5,1.3704151487065437,0.003101348876953125,1.9206414073092857,0.10159001164289805
1744751528.0755684,0.41948115825653076,-0.6530410647392273,1.996083378791809,2.928540846119047,0.9438525975582541,False,True,-0.5,1.3496547078170158,0.001958310604095459,1.925585300847429,0.09887787076286791
1744751528.1094685,0.4012048840522766,-0.622605562210083,1.9984220266342163,2.921553868270927,0.9482403999836,False,True,-0.5,1.3252074813547374,0.0007889866828918457,1.931581392054526,0.11992182414193753
1744751528.1423776,0.38291987776756287,-0.5918413996696472,2.0006847381591797,2.905881738377641,0.952204697330221,False,True,-0.5,1.2999266726492997,-0.00034236907958984375,1.9379890603435144,0.12815336577976844
1744751528.1773484,0.3647235631942749,-0.5609514713287354,2.0028531551361084,2.890487334403721,0.9557526049310678,False,True,-0.5,1.2714567245463342,-0.0014265775680541992,1.9454699856589326,0.14961850630836437
1744751528.2113261,0.3466343283653259,-0.5298285484313965,2.004894495010376,2.8840922177785973,0.9600100599606287,False,True,-0.5,1.2421988274228664,-0.0024472475051879883,1.9534663890399844,0.15992806762103573
1744751528.2464306,0.322540819644928,-0.4878307580947876,2.007566213607788,2.865041393857177,0.9632415524411035,False,True,-0.5,1.211581210726304,-0.003783106803894043,1.9621890124745869,0.1744524686920501
1744751528.2752647,0.31060752272605896,-0.4667344093322754,2.0088350772857666,2.8492803287647237,0.9662417829326042,False,True,-0.5,1.1832425374064133,-0.004417538642883301,1.9706049361148592,0.16831847280544657
1744751528.3112545,0.2867935597896576,-0.42419207096099854,2.011263847351074,2.839255473772904,0.9690492000530808,False,True,-0.5,1.1479750102533575,-0.005631923675537109,1.9815684980995185,0.21927123969318618
1744751528.344139,0.2689702808856964,-0.39195600152015686,2.013028144836426,2.8211792211470286,0.9717085190774835,False,True,-0.5,1.1143381545835296,-0.006514072418212891,1.9925660092000161,0.21995022200995246
1744751528.3770819,0.25134381651878357,-0.3598598837852478,2.0147149562835693,2.8042712310808935,0.9740482109008544,False,True,-0.5,1.0795230156770095,-0.007357478141784668,2.004546251109639,0.23960483819245315
1744751528.4109654,0.23370403051376343,-0.3274596631526947,2.0164341926574707,2.7967759175433944,0.9762095425928046,False,True,-0.5,1.0425112500824298,-0.008217096328735352,2.0180002033400366,0.26907904460795606
1744751528.4450343,0.21621482074260712,-0.29503124952316284,2.0180351734161377,2.788401574689104,0.97033443212566,False,True,-0.5,1.0041983929396638,-0.009017586708068848,2.0327702017824643,0.29539996884855313
1744751528.4758587,0.19881412386894226,-0.2624995708465576,2.019646644592285,2.7803462828148002,0.9601470931809541,False,True,-0.5,0.96855679705138,-0.009823322296142578,2.0473450408373584,0.2914967810978819
1744751528.5107837,0.17571738362312317,-0.2190374732017517,2.0216779708862305,2.7737111596747916,0.9569604886707617,False,True,-0.5,0.9271794552425059,-0.010838985443115234,2.0653641731440424,0.3603826461336812
1744751528.5438259,0.15855371952056885,-0.18654432892799377,2.0232129096984863,2.7667030689684435,0.9727303113140362,False,True,-0.5,0.8871566357960143,-0.011606454849243164,2.0840197366134534,0.3731112693882199
1744751528.5756373,0.14132794737815857,-0.15393050014972687,2.02449893951416,2.752381419536804,0.9617922470612074,False,True,-0.5,0.8476859151825679,-0.012249469757080078,2.103712565599946,0.39385657972984767
1744751528.61162,0.12424422055482864,-0.12159278988838196,2.025843858718872,2.748801759992498,0.9703260280453918,False,True,-0.5,0.8022511146357733,-0.012921929359436035,2.128133525526216,0.4884191985254026
1744751528.6435237,0.10732446610927582,-0.08941161632537842,2.0272018909454346,2.7339017903140737,0.9723618150182793,False,True,-0.5,0.7612158525972204,-0.013600945472717285,2.15196769895481,0.47668346857188126
1744751528.6773458,0.09034474194049835,-0.05735281854867935,2.028393030166626,2.7233236573470867,0.975442080287783,False,True,-0.5,0.7169189686756573,-0.014196515083312988,2.1797946283595353,0.5565385880945061
1744751528.7114272,0.07348737120628357,-0.02556723542511463,2.0295357704162598,2.7176650435128207,0.9759844340825323,False,True,-0.5,0.6717336865767136,-0.014767885208129883,2.210666857644588,0.6174445857010546
1744751528.7432318,0.05113020911812782,0.016295818611979485,2.0310637950897217,2.7118408534688836,0.9788228714867975,False,True,-0.5,0.6288697769587985,-0.01553189754486084,2.242528324355642,0.6372293342210789
1744751528.7762685,0.03437082841992378,0.04741014167666435,2.0320024490356445,2.70348750021223,0.9805222401750784,False,True,-0.5,0.5839560532697301,-0.016001224517822266,2.278895442963235,0.7273423721518577
1744751528.8111145,0.017663536593317986,0.07798542827367783,2.0328562259674072,2.6997921441262487,0.9821543252064384,False,True,-0.5,0.5360257115102524,-0.016428112983703613,2.3214355056009994,0.8508012527552911
1744751528.8411655,0.0009298156364820898,0.10837314277887344,2.0336039066314697,2.6930590991909913,0.9721403528626302,False,True,-0.5,0.49433263541091804,-0.016801953315734863,2.3618940951515603,0.8091717910112184
1744751528.8760953,-0.015693815425038338,0.13799907267093658,2.0342252254486084,2.68669795046123,0.982727957946189,False,True,-0.5,0.44550083319666034,-0.0171126127243042,2.413771309125093,1.0375442794706569
1744751528.9110012,-0.032323628664016724,0.16716301441192627,2.034693479537964,2.682805229105654,0.9835089752380672,False,True,-0.5,0.3962218827519596,-0.017346739768981934,2.4714761842393616,1.1540975022853672
1744751528.942898,-0.04905872046947479,0.19574888050556183,2.0350725650787354,2.6761441216540307,0.984106322250665,False,True,-0.5,0.35109589569449756,-0.017536282539367676,2.5293972024586524,1.158420364385817
1744751528.978851,-0.07126232236623764,0.2326841950416565,2.0354018211364746,2.670954115234708,0.9827142161992122,False,True,-0.5,0.29988204586021083,-0.017700910568237305,2.6013466333430593,1.4389886176881372
1744751529.009842,-0.0877499207854271,0.25951650738716125,2.0356030464172363,2.6687005436811617,0.9866114943268267,False,True,-0.5,0.2556305119325162,-0.017801523208618164,2.6689768633805593,1.3526046007500003
1744751529.0417938,-0.10433498024940491,0.2855716347694397,2.035811424255371,2.664868915607878,0.9873882016029543,False,True,-0.5,0.20990587023104812,-0.017905712127685547,2.744124703032112,1.5029567930310517
1744751529.075633,-0.12086524814367294,0.31076034903526306,2.035888910293579,2.6629732497843643,0.9780514700365254,False,True,-0.5,0.1614307241887888,-0.01794445514678955,2.8292962155832986,1.7034302510237342
1744751529.1096094,-0.13733424246311188,0.33503082394599915,2.0359578132629395,2.6616813752534023,0.9743998110042904,False,True,-0.5,0.11275893678897904,-0.017978906631469727,2.919785346417113,1.809782616676285
1744751529.1435347,-0.15379641950130463,0.3583035171031952,2.0360465049743652,2.6614039630796005,0.9660064113196234,False,True,-0.5,0.06411835426129787,-0.018023252487182617,3.014052025858694,1.8853335888316192
1744751529.1754491,-0.17016726732254028,0.3805919289588928,2.0360655784606934,2.6621210998409346,0.9601508445883699,False,True,-0.5,0.018599896451300474,-0.01803278923034668,3.1044100057833703,1.8071595984935307
1744751529.2125273,-0.19186848402023315,0.40864911675453186,2.035879611968994,2.663669987209099,0.955275109201267,False,True,-0.5,-0.03418952442597381,-0.01793980598449707,-3.0733198799274226,2.10910842937587
1744751529.2443314,-0.20795178413391113,0.4284008741378784,2.0356364250183105,2.6672124324702984,0.9491438205686773,False,True,-0.5,-0.07937563072122399,-0.017818212509155273,-2.9841551968397555,1.7832936617533424
1744751529.276393,-0.2240321785211563,0.4471657872200012,2.035386800765991,2.6725884325476486,0.9455220291871539,False,True,-0.5,-0.12323093578106555,-0.017693400382995605,-2.89994675589934,1.6841688188083115
1744751529.3113089,-0.23986370861530304,0.46470046043395996,2.0350396633148193,2.6758756098417504,0.9424691904989064,False,True,-0.5,-0.17365562211043753,-0.017519831657409668,-2.807315167542516,1.8526317671364811
1744751529.3411727,-0.25573867559432983,0.4812086522579193,2.0346128940582275,2.6831841495649176,0.9348758123848284,False,True,-0.5,-0.2152646960820414,-0.01730644702911377,-2.7350478989741456,1.4453453713674058
1744751529.3750932,-0.27128198742866516,0.4963376820087433,2.034196138381958,2.692265800501807,0.939061079326157,False,True,-0.5,-0.2623047490082549,-0.017098069190979004,-2.6584518272240447,1.5319214350020172
1744751529.40906,-0.2868516445159912,0.5104682445526123,2.03373122215271,2.6994638364782495,0.9365462806357157,False,True,-0.5,-0.30882175552473917,-0.01686561107635498,-2.5883008963534793,1.403018617411309
1744751529.4449952,-0.3074699640274048,0.527571976184845,2.032949924468994,2.7100423039617856,0.9371123707901682,False,True,-0.5,-0.35760610486711586,-0.01647496223449707,-2.5207299461725605,1.3514190036183749
1744751529.4748633,-0.3176935911178589,0.5353986024856567,2.032517194747925,2.721341028135904,0.9337791722420073,False,True,-0.5,-0.3977423493303588,-0.016258597373962402,-2.469611014505228,1.0223786333466476
1744751529.50877,-0.33806198835372925,0.5496223568916321,2.031550407409668,2.7289406400757876,0.9317534537236782,False,True,-0.5,-0.44275823268245307,-0.015775203704833984,-2.416837376270332,1.0554727646979245
1744751529.5418105,-0.35318446159362793,0.5590673089027405,2.0307557582855225,2.745528091586027,0.9415060795734845,False,True,-0.5,-0.486086899173424,-0.01537787914276123,-2.3703029604465353,0.9306883164759316
1744751529.5756805,-0.36821553111076355,0.5675347447395325,2.029832363128662,2.7603114834341658,0.9303985022108756,False,True,-0.5,-0.5299573638451995,-0.014916181564331055,-2.327116664994983,0.8637259090310502
1744751529.6115942,-0.3831234872341156,0.5750367045402527,2.0288679599761963,2.7690412947346235,0.9260212690475488,False,True,-0.5,-0.5756851078727047,-0.014433979988098145,-2.285950342054352,0.8233264588126143
1744751529.6415348,-0.39795657992362976,0.5815591812133789,2.0278701782226562,2.7868977626771536,0.9244623320614385,False,True,-0.5,-0.6131710331964412,-0.013935089111328125,-2.2548771513906476,0.6214638132740902
1744751529.6794815,-0.41265997290611267,0.5870597958564758,2.026712656021118,2.8075151653983603,0.9218998467799145,False,True,-0.5,-0.6599378195491894,-0.013356328010559082,-2.2191736660666885,0.7140697064791812
1744751529.7104585,-0.43213561177253723,0.5930534601211548,2.0249342918395996,2.8163138987675684,0.9180985289994004,False,True,-0.5,-0.6974182507306201,-0.012467145919799805,-2.192794506833947,0.5275831846548318
1744751529.743323,-0.44657382369041443,0.5964687466621399,2.0235843658447266,2.8355102014640274,0.9147988799340538,False,True,-0.5,-0.7364561221096013,-0.011792182922363281,-2.1672389439207556,0.5111112582638278
1744751529.775216,-0.4608137607574463,0.5989503860473633,2.0222597122192383,2.8544482453223914,0.912669943945961,False,True,-0.5,-0.7736592042838173,-0.01112985610961914,-2.144551557322781,0.4537477319594885
1744751529.8092408,-0.4748106002807617,0.6004972457885742,2.020909309387207,2.8669119315108107,0.9091664632264606,False,True,-0.5,-0.8124088429562004,-0.010454654693603516,-2.122501391088165,0.4410033246923195
1744751529.8420117,-0.48857226967811584,0.6011044383049011,2.019646644592285,2.885632075243769,0.9051643684739159,False,True,-0.5,-0.849015440597916,-0.009823322296142578,-2.103027030197964,0.38948721780402096
1744751529.876012,-0.5022712349891663,0.6007996201515198,2.0183522701263428,2.909823990279101,0.9035303156354003,False,True,-0.5,-0.8860419502181505,-0.009176135063171387,-2.0845576821121288,0.36938696171670676
1744751529.9090025,-0.5157484412193298,0.5996000170707703,2.0169875621795654,2.9213802526888877,0.9008805842138261,False,True,-0.5,-0.9210986336576796,-0.008493781089782715,-2.0681181022718453,0.3287915968056687
1744751529.941934,-0.5291991233825684,0.597501277923584,2.0156214237213135,2.9420595924385715,0.8968313394175866,False,True,-0.5,-0.955152259458054,-0.007810711860656738,-2.053048458881284,0.30139286781122543
1744751529.975853,-0.5470314025878906,0.5932612419128418,2.0137779712677,2.96784377418748,0.8948311981189665,False,True,-0.5,-0.9893150061812663,-0.006888985633850098,-2.0387547557157175,0.28587406331133103
1744751530.0097713,-0.5602500438690186,0.5889484882354736,2.012505054473877,2.9769782862047234,0.8923709031792063,False,True,-0.5,-1.0225195827132445,-0.0062525272369384766,-2.025595743859685,0.2631802371206504
1744751530.04177,-0.573432207107544,0.5837326049804688,2.011359214782715,3.001009215204946,0.8889787329971054,False,True,-0.5,-1.0528203190006526,-0.005679607391357422,-2.0141751831608485,0.22841121397672914
1744751530.0756004,-0.5865712761878967,0.5776246786117554,2.010279893875122,3.0225201428436996,0.8878225479620762,False,True,-0.5,-1.0839887657854324,-0.005139946937561035,-2.0029740164629044,0.22402333395888263
1744751530.1095598,-0.599694013595581,0.5704827308654785,2.0090181827545166,3.0392975667706827,0.8853315546806685,False,True,-0.5,-1.1141251097317857,-0.004509091377258301,-1.9926374282815986,0.20673176362611567
1744751530.1435432,-0.612852931022644,0.5623552203178406,2.0077362060546875,3.0628057210179898,0.8815933507512285,False,True,-0.5,-1.1432488494616766,-0.00386810302734375,-1.9830809447628095,0.19112967037578257
1744751530.176506,-0.6304834485054016,0.5501078367233276,2.005861282348633,3.0845046190999783,0.8801840816885846,False,True,-0.5,-1.1705011766322981,-0.0029306411743164062,-1.9745013884993512,0.17159112526916598
1744751530.209338,-0.6437566876411438,0.5397733449935913,2.0044758319854736,3.09646237325291,0.8761926968248196,False,True,-0.5,-1.1965682138429141,-0.0022379159927368164,-1.9666052476408682,0.15792281716966006
1744751530.2414105,-0.6570970416069031,0.5284913778305054,2.002937078475952,3.121216397271247,0.8740745185942207,False,True,-0.5,-1.2210204568836103,-0.0014685392379760742,-1.9594599123996257,0.14290670482485
1744751530.2783542,-0.6705795526504517,0.5162459015846252,2.0013084411621094,-3.1403767062807595,0.8938660078030163,False,True,-0.5,-1.2472614025294695,-0.0006542205810546875,-1.9520596084837973,0.1480060783165671
1744751530.3091977,-0.6840546727180481,0.5031917691230774,1.9997905492782593,-3.127594204466368,0.9048634609821282,False,True,-0.5,-1.2695088447727079,0.00010472536087036133,-1.9459924503578614,0.1213431625187189
1744751530.3431091,-0.6976668238639832,0.4891737699508667,1.998432993888855,-3.10826045358034,0.909799336840837,False,True,-0.5,-1.2920660862427147,0.0007835030555725098,-1.9400259103418531,0.11933080032016541
1744751530.376992,-0.7114750742912292,0.4743193984031677,1.9970531463623047,-3.0888406172643856,0.9165206648440405,False,True,-0.5,-1.3134546631775037,0.0014734268188476562,-1.9345334628760915,0.10984894931523215
1744751530.410965,-0.7300627827644348,0.4532124996185303,1.9950376749038696,-3.0824000569439733,0.9231714564950981,False,True,-0.5,-1.3337435989086925,0.0024811625480651855,-1.929465862973371,0.10135199805441088
1744751530.4428937,-0.7440502643585205,0.4363344609737396,1.9935312271118164,-3.0655925713175014,0.9250600625014143,False,True,-0.5,-1.3517496853139213,0.003234386444091797,-1.9250803398855514,0.08771046175639176
1744751530.4749184,-0.7582582235336304,0.4186212420463562,1.991932988166809,-3.0458822393627814,0.9349103041362781,False,True,-0.5,-1.3687767771536203,0.004033505916595459,-1.921026762776789,0.08107154217524837
1744751530.5118048,-0.7725306749343872,0.4000893235206604,1.9902549982070923,-3.0388738078347948,0.9399324975953662,False,True,-0.5,-1.3870755983732952,0.004872500896453857,-1.9167684696334222,0.08516586286733574
1744751530.5417447,-0.7867507338523865,0.3807346522808075,1.9885822534561157,-3.0206002444768667,0.9446148641456313,False,True,-0.5,-1.4009491949118948,0.005708873271942139,-1.913605646290381,0.06325646686082376
1744751530.5756495,-0.8010764718055725,0.36061394214630127,1.9869771003723145,-3.0012518451843997,0.9489035456757382,False,True,-0.5,-1.4155350122744839,0.0065114498138427734,-1.9103398244267564,0.06531643727249126
1744751530.6094885,-0.8153683543205261,0.3397788107395172,1.9854023456573486,-2.9931900651890047,0.9536722423106028,False,True,-0.5,-1.4289235999620387,0.007298827171325684,-1.9073942971431324,0.05891054567248144
1744751530.6415548,-0.8297418355941772,0.31815654039382935,1.9839675426483154,-2.9730688341412854,0.9574246299454676,False,True,-0.5,-1.440534556811649,0.008016228675842285,-1.9048793814365292,0.05029831413206232
1744751530.675505,-0.8488076329231262,0.2883586883544922,1.9820321798324585,-2.955214453140907,0.960923056415488,False,True,-0.5,-1.451694086280054,0.008983910083770752,-1.9024961090822639,0.04766544708530773
1744751530.7092674,-0.8632969856262207,0.2649931311607361,1.9806694984436035,-2.94352385066978,0.9641846948694595,False,True,-0.5,-1.4616222348815813,0.009665250778198242,-1.9004031806278556,0.04185856908816454
1744751530.7452955,-0.8777785301208496,0.24115382134914398,1.9794909954071045,-2.9241764978035145,0.9672409247082037,False,True,-0.5,-1.4709493110600902,0.010254502296447754,-1.898460019710469,0.0388632183477311
1744751530.775392,-0.8923832774162292,0.21657408773899078,1.9783399105072021,-2.9111141531960665,0.9640676510673472,False,True,-0.5,-1.4777393763400497,0.010830044746398926,-1.897059244519405,0.028015503821281484
1744751530.8112476,-0.9069033265113831,0.19159984588623047,1.9773063659667969,-2.9009535550857652,0.9660990398065386,False,True,-0.5,-1.4846340214380338,0.011346817016601562,-1.8956486642069188,0.028211606249723957
1744751530.8411396,-0.9217625260353088,0.16573937237262726,1.9763177633285522,-2.8809440261181596,0.9694538741972576,False,True,-0.5,-1.489399024293946,0.011841118335723877,-1.894680645102666,0.019360382085054084
1744751530.8751717,-0.9364599585533142,0.13968826830387115,1.9754903316497803,-2.86197623765648,0.9632665269330088,False,True,-0.5,-1.4937452012271595,0.012254834175109863,-1.893802552672101,0.01756184861130272
1744751530.9100406,-0.9563382267951965,0.10388925671577454,1.9745794534683228,-2.8519676240427008,0.9630183856743979,False,True,-0.5,-1.4970078768484698,0.012710273265838623,-1.8931463820183352,0.013123413075315504
1744751530.9440384,-0.9714173078536987,0.07647024840116501,1.9739576578140259,-2.833232867175707,0.9723675653222406,False,True,-0.5,-1.4990397899627936,0.01302117109298706,-1.8927390339007926,0.008146962350852327
1744751530.9760032,-0.9866560697555542,0.04860088974237442,1.9733819961547852,-2.8111537855348825,0.973621270425381,False,True,-0.5,-1.4999230460362571,0.013309001922607422,-1.8925622726949485,0.0035352241168817855
1744751531.0119874,-1.0020307302474976,0.02029826119542122,1.9728400707244873,-2.800682760632479,0.9661160922784735,False,True,-0.5,-1.4997391894756766,0.013579964637756348,-1.8925990514602893,-0.0007355753068161164
1744751531.0458102,-1.0175477266311646,-0.00842310767620802,1.9723488092422485,-2.7826254592104083,0.9750246627400987,False,True,-0.5,-1.4984352955410414,0.013825595378875732,-1.8928601161451728,-0.005221293697670326
1744751531.0757892,-1.0332444906234741,-0.037557970732450485,1.9717955589294434,-2.760235713815097,0.9774259181532388,False,True,-0.5,-1.4963750020540756,0.01410222053527832,-1.8932734609632516,-0.00826689636157507
1744751531.1096263,-1.049161434173584,-0.06711236387491226,1.9713932275772095,-2.749903481058434,0.9784375887194383,False,True,-0.5,-1.4930337642103702,0.014303386211395264,-1.893945975292025,-0.013450286575467096
1744751531.1425269,-1.0705687999725342,-0.10693874210119247,1.970938801765442,-2.737542306806964,0.9794008523782498,False,True,-0.5,-1.4887732382417451,0.014530599117279053,-1.8948074570866593,-0.017229635892688222
1744751531.1755478,-1.0868076086044312,-0.1372026950120926,1.970587134361267,-2.7207168671649202,0.9820578043982051,False,True,-0.5,-1.4834904256866166,0.014706432819366455,-1.895881818853817,-0.021487235343151667
1744751531.209533,-1.103424072265625,-0.16802829504013062,1.9702014923095703,-2.7130240382384194,0.9834644327298265,False,True,-0.5,-1.4770377093621385,0.014899253845214844,-1.897203461576479,-0.02643285445324217
1744751531.2425008,-1.120130181312561,-0.19908109307289124,1.9697850942611694,-2.693829122132905,0.984672135645144,False,True,-0.5,-1.4697851912405084,0.015107452869415283,-1.8987013401259212,-0.02995757098884333
1744751531.2753196,-1.137239694595337,-0.2307012379169464,1.9694429636001587,-2.6744141680634756,0.9856049360666308,False,True,-0.5,-1.4616008336737565,0.015278518199920654,-1.900407664794472,-0.03412649337101836
1744751531.3125293,-1.1544734239578247,-0.2622948884963989,1.9691202640533447,-2.665534569486439,0.9754266776941887,False,True,-0.5,-1.4515604741667112,0.015439867973327637,-1.9025244500970526,-0.04233570605161052
1744751531.343327,-1.1779214143753052,-0.30501633882522583,1.9689075946807861,-2.648634732341484,0.9723025552213054,False,True,-0.5,-1.4417213828272248,0.015546202659606934,-1.9046243529090103,-0.04199805623915419
1744751531.3791764,-1.1957695484161377,-0.33732253313064575,1.9687843322753906,-2.633312978419621,0.9836012609254539,False,True,-0.5,-1.4296842538832346,0.015607833862304688,-1.907228426250559,-0.052081466830973255
1744751531.4092038,-1.213890790939331,-0.3699796497821808,1.9685803651809692,-2.628458916010978,0.9833870859815159,False,True,-0.5,-1.4187797820897978,0.01570981740951538,-1.909621425050234,-0.047859975993498345
1744751531.4420514,-1.232139229774475,-0.40282174944877625,1.9684460163116455,-2.6143700060506707,0.9753177437479784,False,True,-0.5,-1.405990686610328,0.015776991844177246,-1.9124700332225333,-0.056972163445987434
1744751531.4749804,-1.2505595684051514,-0.435747891664505,1.9682992696762085,-2.6066534042623646,0.9739845094015909,False,True,-0.5,-1.3923164008142406,0.015850365161895752,-1.915567139095121,-0.061942117451754264
1744751531.5088634,-1.2691237926483154,-0.4688072204589844,1.9681410789489746,-2.6014220945979107,0.9832581200113077,False,True,-0.5,-1.3773585477628063,0.015929460525512695,-1.9190172621093404,-0.06900246028438861
1744751531.5448203,-1.29412043094635,-0.5131678581237793,1.9679975509643555,-2.586974045790207,0.9831894918284787,False,True,-0.5,-1.36055113107885,0.016001224517822266,-1.9229738516221446,-0.07913179025608397
1744751531.5757973,-1.3066703081130981,-0.5354334712028503,1.9679324626922607,-2.5752425258959954,0.9831499729978712,False,True,-0.5,-1.3452598791936277,0.01603376865386963,-1.9266490957912592,-0.07350488338229155
1744751531.6116636,-1.33192777633667,-0.5802347660064697,1.9678003787994385,-2.567919776433912,0.9847164188478497,False,True,-0.5,-1.3267121761918501,0.01609981060028076,-1.9312067485756843,-0.09115305568850207
1744751531.6416447,-1.3510719537734985,-0.613984227180481,1.967653512954712,-2.558376371863588,0.9868628007371014,False,True,-0.5,-1.310495676533082,0.016173243522644043,-1.9352839881962443,-0.08154479241119894
1744751531.6746576,-1.3702173233032227,-0.6477986574172974,1.9675798416137695,-2.5471593832750843,0.9875837368822602,False,True,-0.5,-1.2919225195611788,0.016210079193115234,-1.940063312122707,-0.09558647852925706
1744751531.7095973,-1.3895984888076782,-0.6818366050720215,1.9674627780914307,-2.539828229079267,0.9884625858930165,False,True,-0.5,-1.2715004165407287,0.016268610954284668,-1.9454582823902755,-0.10789940535136822
1744751531.7415257,-1.4089667797088623,-0.7159125804901123,1.9673302173614502,-2.5273637925704984,0.9778961233811602,False,True,-0.5,-1.252014999776783,0.016334891319274902,-1.9507476133413555,-0.10578661902159947
1744751531.7764425,-1.4285928010940552,-0.750407338142395,1.9671931266784668,-2.5134936555007443,0.9749854423870391,False,True,-0.5,-1.2300277368473205,0.0164034366607666,-1.9568891844678102,-0.12283142252909496
1744751531.8103771,-1.448071837425232,-0.784758985042572,1.9670686721801758,-2.506114952010876,0.9722004081672717,False,True,-0.5,-1.2078944116223234,0.01646566390991211,-1.9632648452937358,-0.1275132165185111
1744751531.8432605,-1.4742664098739624,-0.8309586644172668,1.9670377969741821,-2.4940761687934234,0.9683409776250739,False,True,-0.5,-1.185823487005358,0.016481101512908936,-1.9698243049193898,-0.13118919251307923
1744751531.8753433,-1.493963599205017,-0.8656516075134277,1.967078685760498,-2.482370106721358,0.9638259130826136,False,True,-0.5,-1.1636487779223126,0.016460657119750977,-1.9766267502342942,-0.13604890629808963
1744751531.9081855,-1.5138089656829834,-0.9005209803581238,1.9673031568527222,-2.4772637216216995,0.9603943895781302,False,True,-0.5,-1.1403186430939058,0.016348421573638916,-1.9840239408028553,-0.1479438113712206
1744751531.943155,-1.533638596534729,-0.9353752136230469,1.967419147491455,-2.4651802022608256,0.956596060745716,False,True,-0.5,-1.1148311460404188,0.01629042625427246,-1.9924008306763408,-0.1675377974697101
1744751531.9749742,-1.5534946918487549,-0.9701956510543823,1.9676287174224854,-2.4546815201800434,0.9528801908183442,False,True,-0.5,-1.0910146816262067,0.016185641288757324,-2.000521947484476,-0.16242233616270862
1744751532.0110106,-1.5734615325927734,-1.0050355195999146,1.9678492546081543,-2.4465127940203346,0.9492373429704727,False,True,-0.5,-1.0634952312506234,0.01607537269592285,-2.0102783091036778,-0.1951272323840314
1744751532.043899,-1.600232720375061,-1.0513850450515747,1.9680529832839966,-2.4365087731166963,0.9459098405204738,False,True,-0.5,-1.0377496855228938,0.01597350835800171,-2.0197877557222066,-0.19018893237057632
1744751532.076861,-1.6203582286834717,-1.0861504077911377,1.9681940078735352,-2.4255358497838952,0.9423505252323285,False,True,-0.5,-1.0114681757815398,0.015902996063232422,-2.0298984002773035,-0.2022128911019383
1744751532.1087604,-1.6405795812606812,-1.1208101511001587,1.9683201313018799,-2.4217619630305793,0.9388001435686408,False,True,-0.5,-0.9855396867448515,0.01583993434906006,-2.040295689630467,-0.20794578706326838
1744751532.143711,-1.6608532667160034,-1.1552118062973022,1.9684650897979736,-2.411137618749495,0.935598657845104,False,True,-0.5,-0.9565476178309146,0.015767455101013184,-2.0524488972165607,-0.2430641517218745
1744751532.17662,-1.6813098192214966,-1.1894913911819458,1.9686452150344849,-2.40374554813343,0.9321257613938563,False,True,-0.5,-0.9288469964455517,0.01567739248275757,-2.0646138450722713,-0.24329895711421304
1744751532.2115865,-1.7019444704055786,-1.2236368656158447,1.9686944484710693,-2.4011425876571715,0.9289814506297556,False,True,-0.5,-0.8988861218119525,0.015652775764465332,-2.078420742757008,-0.2761379536947306
1744751532.2415123,-1.722523808479309,-1.2574713230133057,1.9686371088027954,-2.3944994454565744,0.9258283056182567,False,True,-0.5,-0.8728937287928898,0.015681445598602295,-2.0909812592602677,-0.2512103300651969
1744751532.2754147,-1.7432055473327637,-1.2910765409469604,1.9686675071716309,-2.3868117272072316,0.9227201180537532,False,True,-0.5,-0.8429830817817404,0.01566624641418457,-2.106150310663896,-0.3033810280725646
1744751532.3113697,-1.771028757095337,-1.335472822189331,1.968765377998352,-2.3824828064149015,0.919659789374412,False,True,-0.5,-0.8108748877277696,0.015617311000823975,-2.12334537168128,-0.3439012203476821
1744751532.343344,-1.7920771837234497,-1.3683643341064453,1.9689358472824097,-2.375912383478521,0.9165337867072153,False,True,-0.5,-0.7829212814665503,0.015532076358795166,-2.1391397117804427,-0.3158868019832538
1744751532.3753386,-1.8132681846618652,-1.4008275270462036,1.9691084623336792,-2.369523634254113,0.9133765511073015,False,True,-0.5,-0.7526933725637042,0.0154457688331604,-2.1571455823508576,-0.36011741140829834
1744751532.4102306,-1.834558129310608,-1.4326257705688477,1.9692797660827637,-2.367097866681309,0.9103482834830336,False,True,-0.5,-0.7204375800817927,0.015360116958618164,-2.1774993729808783,-0.4070758126004126
1744751532.4430826,-1.856122374534607,-1.4639256000518799,1.9694545269012451,-2.3610469794712206,0.9074439837365091,False,True,-0.5,-0.6896808476651544,0.015272736549377441,-2.19808682766592,-0.41174909370083046
1744751532.4760795,-1.8777896165847778,-1.4946050643920898,1.9696868658065796,-2.3543355102681334,0.904570941198969,False,True,-0.5,-0.6585890437517733,0.015156567096710205,-2.220158708834943,-0.44143762338046066
1744751532.5089045,-1.8996436595916748,-1.5246806144714355,1.9699641466140747,-2.352926728648738,0.901731283361163,False,True,-0.5,-0.6273590134792388,0.015017926692962646,-2.243700317538099,-0.4708321740631227
1744751532.5428014,-1.929223895072937,-1.563933253288269,1.9701881408691406,-2.346952915505658,0.8986630233253321,False,True,-0.5,-0.5948641452805978,0.014905929565429688,-2.269765668761331,-0.5213070244646366
1744751532.5757718,-1.9517481327056885,-1.5925235748291016,1.9704681634902954,-2.343260160194524,0.8963033795415178,False,True,-0.5,-0.5630149966630701,0.014765918254852295,-2.296984282157041,-0.5443722679142038
1744751532.611709,-1.9746651649475098,-1.6204609870910645,1.9708080291748047,-2.34031495283547,0.8935428835581742,False,True,-0.5,-0.5280335498925555,0.014595985412597656,-2.3289321461027686,-0.6389572789145515
1744751532.6415749,-1.9979703426361084,-1.647763967514038,1.9709794521331787,-2.336671273509752,0.8911236496028518,False,True,-0.5,-0.49884199054435896,0.014510273933410645,-2.3573538416691333,-0.5684339113272951
