x,y,z,yaw
-3.0,0.5,2.0,90.0
-3.0,0.51,2.0,90.0
-3.0,0.52,2.0,89.98
-3.0,0.53,2.0,89.96
-3.0,0.54,2.0,89.94
-3.0,0.55,2.0,89.9
-3.0,0.56,2.0,89.86
-3.0,0.57,2.0,89.8
-3.0,0.58,2.0,89.74
-3.0,0.59,2.0,89.68
-3.0,0.6,2.0,89.6
-3.0,0.61,2.0,89.52
-3.0,0.62,2.0,89.43
-3.0,0.63,2.0,89.33
-3.0,0.64,2.0,89.22
-3.0,0.65,2.0,89.1
-3.0,0.66,2.0,88.98
-3.0,0.67,2.0,88.85
-3.0,0.68,2.0,88.71
-3.0,0.69,2.0,88.56
-3.0,0.7,2.0,88.41
-3.0,0.71,2.0,88.24
-3.0,0.72,2.0,88.07
-3.0,0.73,2.0,87.89
-3.0,0.74,2.0,87.71
-3.0,0.75,2.0,87.51
-3.0,0.76,2.0,87.31
-3.0,0.77,2.0,87.1
-2.99,0.78,2.0,86.88
-2.99,0.79,2.0,86.66
-2.99,0.8,2.0,86.43
-2.99,0.81,2.0,86.19
-2.99,0.82,2.0,85.94
-2.99,0.83,2.0,85.68
-2.99,0.84,2.0,85.42
-2.99,0.85,2.0,85.15
-2.99,0.86,2.0,84.87
-2.99,0.87,2.0,84.58
-2.99,0.88,2.0,84.29
-2.99,0.89,2.0,83.99
-2.99,0.9,2.0,83.68
-2.98,0.91,2.0,83.36
-2.98,0.92,2.0,83.04
-2.98,0.93,2.0,82.71
-2.98,0.94,2.0,82.37
-2.98,0.95,2.0,82.03
-2.98,0.96,2.0,81.67
-2.98,0.97,2.0,81.31
-2.97,0.98,2.0,80.95
-2.97,0.99,2.0,80.57
-2.97,1.0,2.0,80.19
-2.97,1.01,2.0,79.8
-2.97,1.02,2.0,79.41
-2.97,1.03,2.0,79.0
-2.96,1.04,2.0,78.59
-2.96,1.05,2.0,78.18
-2.96,1.06,2.0,77.75
-2.96,1.07,2.0,77.32
-2.96,1.08,2.0,76.88
-2.95,1.09,2.0,76.44
-2.95,1.1,2.0,75.99
-2.95,1.11,2.0,75.53
-2.95,1.12,2.0,75.07
-2.94,1.13,2.0,74.6
-2.94,1.14,2.0,74.12
-2.94,1.14,2.0,73.63
-2.93,1.15,2.0,73.14
-2.93,1.16,2.0,72.64
-2.93,1.17,2.0,72.14
-2.93,1.18,2.0,71.63
-2.92,1.19,2.0,71.11
-2.92,1.2,2.0,70.59
-2.92,1.21,2.0,70.06
-2.91,1.22,2.0,69.53
-2.91,1.23,2.0,68.98
-2.91,1.24,2.0,68.44
-2.9,1.25,2.0,67.88
-2.9,1.26,2.0,67.32
-2.89,1.27,2.0,66.76
-2.89,1.28,2.0,66.18
-2.89,1.29,2.0,65.61
-2.88,1.29,2.0,65.02
-2.88,1.3,2.0,64.43
-2.87,1.31,2.0,63.84
-2.87,1.32,2.0,63.24
-2.86,1.33,2.0,62.63
-2.86,1.34,2.0,62.02
-2.85,1.35,2.0,61.4
-2.85,1.36,2.0,60.78
-2.84,1.37,2.0,60.15
-2.84,1.37,2.0,59.52
-2.83,1.38,2.0,58.88
-2.83,1.39,2.0,58.24
-2.82,1.4,2.0,57.59
-2.82,1.41,2.0,56.93
-2.81,1.42,2.0,56.27
-2.81,1.42,2.0,55.61
-2.8,1.43,2.0,54.94
-2.8,1.44,2.0,54.26
-2.79,1.45,2.0,53.58
-2.78,1.46,2.0,52.9
-2.78,1.47,2.0,52.21
-2.77,1.47,2.0,51.52
-2.77,1.48,2.0,50.82
-2.76,1.49,2.0,50.12
-2.75,1.5,2.0,49.41
-2.75,1.5,2.0,48.7
-2.74,1.51,2.0,47.99
-2.73,1.52,2.0,47.27
-2.73,1.53,2.0,46.54
-2.72,1.53,2.0,45.81
-2.71,1.54,2.0,45.08
-2.71,1.55,2.0,44.35
-2.7,1.55,2.0,43.61
-2.69,1.56,2.0,42.86
-2.68,1.57,2.0,42.11
-2.68,1.57,2.0,41.36
-2.67,1.58,2.0,40.61
-2.66,1.59,2.0,39.85
-2.65,1.59,2.0,39.09
-2.65,1.6,2.0,38.32
-2.64,1.61,2.0,37.55
-2.63,1.61,2.0,36.78
-2.62,1.62,2.0,36.0
-2.61,1.62,2.0,35.22
-2.6,1.63,2.0,34.44
-2.6,1.64,2.0,33.66
-2.59,1.64,2.0,32.87
-2.58,1.65,2.0,32.08
-2.57,1.65,2.0,31.28
-2.56,1.66,2.0,30.49
-2.55,1.66,2.0,29.69
-2.55,1.67,2.0,28.88
-2.54,1.67,2.0,28.08
-2.53,1.68,2.0,27.27
-2.52,1.68,2.0,26.46
-2.51,1.68,2.0,25.65
-2.5,1.69,2.0,24.84
-2.49,1.69,2.0,24.02
-2.48,1.7,2.0,23.2
-2.47,1.7,2.0,22.38
-2.46,1.7,2.0,21.56
-2.45,1.71,2.0,20.74
-2.45,1.71,2.0,19.91
-2.44,1.72,2.0,19.08
-2.43,1.72,2.0,18.25
-2.42,1.72,2.0,17.42
-2.41,1.72,2.0,16.59
-2.4,1.73,2.0,15.75
-2.39,1.73,2.0,14.92
-2.38,1.73,2.0,14.08
-2.37,1.73,2.0,13.24
-2.36,1.74,2.0,12.4
-2.35,1.74,2.0,11.56
-2.34,1.74,2.0,10.72
-2.33,1.74,2.0,9.88
-2.32,1.74,2.0,9.03
-2.31,1.75,2.0,8.19
-2.3,1.75,2.0,7.34
-2.29,1.75,2.0,6.5
-2.28,1.75,2.0,5.65
-2.27,1.75,2.0,4.8
-2.26,1.75,2.0,3.96
-2.25,1.75,2.0,3.11
-2.24,1.75,2.0,2.26
-2.23,1.75,2.0,1.41
-2.22,1.75,2.0,0.57
-2.21,1.75,2.0,-0.28
-2.2,1.75,2.0,-1.13
-2.19,1.75,2.0,-1.98
-2.18,1.75,2.0,-2.83
-2.17,1.75,2.0,-3.67
-2.16,1.75,2.0,-4.52
-2.15,1.75,2.0,-5.37
-2.14,1.75,2.0,-6.22
-2.13,1.75,2.0,-7.06
-2.12,1.75,2.0,-7.91
-2.11,1.74,2.0,-8.75
-2.1,1.74,2.0,-9.6
-2.09,1.74,2.0,-10.44
-2.08,1.74,2.0,-11.28
-2.07,1.74,2.0,-12.12
-2.06,1.74,2.0,-12.96
-2.05,1.73,2.0,-13.8
-2.04,1.73,2.0,-14.64
-2.03,1.73,2.0,-15.47
-2.02,1.73,2.0,-16.31
-2.01,1.72,2.0,-17.14
-2.0,1.72,2.0,-17.97
-1.99,1.72,2.0,-18.8
-1.98,1.71,2.0,-19.63
-1.98,1.71,2.0,-20.46
-1.97,1.71,2.0,-21.28
-1.96,1.7,2.0,-22.11
-1.95,1.7,2.0,-22.93
-1.94,1.69,2.0,-23.75
-1.93,1.69,2.0,-24.57
-1.92,1.69,2.0,-25.38
-1.91,1.68,2.0,-26.19
-1.9,1.68,2.0,-27.0
-1.89,1.67,2.0,-27.81
-1.88,1.67,2.0,-28.62
-1.88,1.66,2.0,-29.42
-1.87,1.66,2.0,-30.22
-1.86,1.65,2.0,-31.02
-1.85,1.65,2.0,-31.81
-1.84,1.64,2.0,-32.6
-1.83,1.64,2.0,-33.39
-1.82,1.63,2.0,-34.18
-1.82,1.63,2.0,-34.96
-1.81,1.62,2.0,-35.74
-1.8,1.61,2.0,-36.52
-1.79,1.61,2.0,-37.29
-1.78,1.6,2.0,-38.06
-1.78,1.6,2.0,-38.83
-1.77,1.59,2.0,-39.59
-1.76,1.58,2.0,-40.35
-1.75,1.58,2.0,-41.11
-1.75,1.57,2.0,-41.86
-1.74,1.56,2.0,-42.61
-1.73,1.56,2.0,-43.36
-1.72,1.55,2.0,-44.1
-1.72,1.54,2.0,-44.84
-1.71,1.54,2.0,-45.57
-1.7,1.53,2.0,-46.3
-1.7,1.52,2.0,-47.02
-1.69,1.51,2.0,-47.75
-1.68,1.51,2.0,-48.46
-1.68,1.5,2.0,-49.18
-1.67,1.49,2.0,-49.88
-1.66,1.48,2.0,-50.59
-1.66,1.48,2.0,-51.29
-1.65,1.47,2.0,-51.98
-1.64,1.46,2.0,-52.67
-1.64,1.45,2.0,-53.36
-1.63,1.44,2.0,-54.04
-1.63,1.44,2.0,-54.71
-1.62,1.43,2.0,-55.38
-1.62,1.42,2.0,-56.05
-1.61,1.41,2.0,-56.71
-1.6,1.4,2.0,-57.37
-1.6,1.39,2.0,-58.02
-1.59,1.39,2.0,-58.67
-1.59,1.38,2.0,-59.31
-1.58,1.37,2.0,-59.94
-1.58,1.36,2.0,-60.57
-1.57,1.35,2.0,-61.2
-1.57,1.34,2.0,-61.82
-1.56,1.33,2.0,-62.43
-1.56,1.32,2.0,-63.04
-1.56,1.32,2.0,-63.64
-1.55,1.31,2.0,-64.24
-1.55,1.3,2.0,-64.83
-1.54,1.29,2.0,-65.41
-1.54,1.28,2.0,-65.99
-1.53,1.27,2.0,-66.57
-1.53,1.26,2.0,-67.13
-1.53,1.25,2.0,-67.7
-1.52,1.24,2.0,-68.25
-1.52,1.23,2.0,-68.8
-1.52,1.22,2.0,-69.35
-1.51,1.21,2.0,-69.88
-1.51,1.2,2.0,-70.42
-1.51,1.2,2.0,-70.94
-1.5,1.19,2.0,-71.46
-1.5,1.18,2.0,-71.97
-1.5,1.17,2.0,-72.48
-1.49,1.16,2.0,-72.98
-1.49,1.15,2.0,-73.47
-1.49,1.14,2.0,-73.96
-1.48,1.13,2.0,-74.44
-1.48,1.12,2.0,-74.91
-1.48,1.11,2.0,-75.38
-1.48,1.1,2.0,-75.84
-1.47,1.09,2.0,-76.29
-1.47,1.08,2.0,-76.74
-1.47,1.07,2.0,-77.18
-1.47,1.06,2.0,-77.61
-1.47,1.05,2.0,-78.04
-1.46,1.04,2.0,-78.46
-1.46,1.03,2.0,-78.87
-1.46,1.02,2.0,-79.27
-1.46,1.01,2.0,-79.67
-1.46,1.0,2.0,-80.06
-1.45,0.99,2.0,-80.45
-1.45,0.98,2.0,-80.82
-1.45,0.97,2.0,-81.19
-1.45,0.96,2.0,-81.55
-1.45,0.95,2.0,-81.91
-1.45,0.94,2.0,-82.26
-1.45,0.93,2.0,-82.6
-1.44,0.92,2.0,-82.93
-1.44,0.91,2.0,-83.26
-1.44,0.9,2.0,-83.58
-1.44,0.89,2.0,-83.89
-1.44,0.88,2.0,-84.19
-1.44,0.87,2.0,-84.49
-1.44,0.86,2.0,-84.77
-1.44,0.85,2.0,-85.06
-1.44,0.84,2.0,-85.33
-1.44,0.83,2.0,-85.6
-1.43,0.82,2.0,-85.85
-1.43,0.81,2.0,-86.1
-1.43,0.8,2.0,-86.35
-1.43,0.79,2.0,-86.58
-1.43,0.78,2.0,-86.81
-1.43,0.77,2.0,-87.03
-1.43,0.76,2.0,-87.24
-1.43,0.75,2.0,-87.45
-1.43,0.74,2.0,-87.64
-1.43,0.73,2.0,-87.83
-1.43,0.72,2.0,-88.01
-1.43,0.71,2.0,-88.19
-1.43,0.7,2.0,-88.35
-1.43,0.69,2.0,-88.51
-1.43,0.68,2.0,-88.66
-1.43,0.67,2.0,-88.8
-1.43,0.66,2.0,-88.94
-1.43,0.65,2.0,-89.06
-1.43,0.64,2.0,-89.18
-1.43,0.63,2.0,-89.29
-1.43,0.62,2.0,-89.39
-1.43,0.61,2.0,-89.49
-1.43,0.6,2.0,-89.57
-1.43,0.59,2.0,-89.65
-1.43,0.58,2.0,-89.72
-1.43,0.57,2.0,-89.79
-1.43,0.56,2.0,-89.84
-1.43,0.55,2.0,-89.89
-1.43,0.54,2.0,-89.92
-1.43,0.53,2.0,-89.96
-1.43,0.52,2.0,-89.98
-1.43,0.51,2.0,-89.99
-1.43,0.5,2.0,-90.0
-1.43,0.49,2.0,-90.0
-1.43,0.48,2.0,-89.99
-1.43,0.47,2.0,-89.97
-1.43,0.46,2.0,-89.95
-1.43,0.45,2.0,-89.91
-1.43,0.44,2.0,-89.87
-1.43,0.43,2.0,-89.82
-1.43,0.42,2.0,-89.77
-1.43,0.41,2.0,-89.7
-1.43,0.4,2.0,-89.63
-1.43,0.39,2.0,-89.55
-1.43,0.38,2.0,-89.46
-1.43,0.37,2.0,-89.36
-1.43,0.36,2.0,-89.25
-1.43,0.35,2.0,-89.14
-1.43,0.34,2.0,-89.02
-1.43,0.33,2.0,-88.89
-1.43,0.32,2.0,-88.76
-1.43,0.31,2.0,-88.61
-1.42,0.3,2.0,-88.46
-1.42,0.29,2.0,-88.3
-1.42,0.28,2.0,-88.13
-1.42,0.27,2.0,-87.95
-1.42,0.26,2.0,-87.77
-1.42,0.25,2.0,-87.58
-1.42,0.24,2.0,-87.38
-1.42,0.23,2.0,-87.17
-1.42,0.22,2.0,-86.96
-1.42,0.21,2.0,-86.74
-1.42,0.2,2.0,-86.5
-1.42,0.19,2.0,-86.27
-1.42,0.18,2.0,-86.02
-1.42,0.17,2.0,-85.77
-1.42,0.16,2.0,-85.51
-1.42,0.15,2.0,-85.24
-1.42,0.14,2.0,-84.96
-1.42,0.13,2.0,-84.68
-1.41,0.12,2.0,-84.39
-1.41,0.11,2.0,-84.09
-1.41,0.1,2.0,-83.78
-1.41,0.09,2.0,-83.47
-1.41,0.08,2.0,-83.15
-1.41,0.07,2.0,-82.82
-1.41,0.06,2.0,-82.49
-1.41,0.05,2.0,-82.14
-1.4,0.04,2.0,-81.79
-1.4,0.03,2.0,-81.43
-1.4,0.02,2.0,-81.07
-1.4,0.01,2.0,-80.7
-1.4,0.0,2.0,-80.32
-1.4,-0.01,2.0,-79.93
-1.4,-0.01,2.0,-79.54
-1.39,-0.02,2.0,-79.14
-1.39,-0.03,2.0,-78.73
-1.39,-0.04,2.0,-78.32
-1.39,-0.05,2.0,-77.9
-1.39,-0.06,2.0,-77.47
-1.38,-0.07,2.0,-77.03
-1.38,-0.08,2.0,-76.59
-1.38,-0.09,2.0,-76.14
-1.38,-0.1,2.0,-75.69
-1.37,-0.11,2.0,-75.22
-1.37,-0.12,2.0,-74.75
-1.37,-0.13,2.0,-74.28
-1.37,-0.14,2.0,-73.8
-1.36,-0.15,2.0,-73.31
-1.36,-0.16,2.0,-72.81
-1.36,-0.17,2.0,-72.31
-1.35,-0.18,2.0,-71.8
-1.35,-0.19,2.0,-71.29
-1.35,-0.2,2.0,-70.77
-1.34,-0.21,2.0,-70.24
-1.34,-0.22,2.0,-69.71
-1.34,-0.23,2.0,-69.17
-1.33,-0.24,2.0,-68.62
-1.33,-0.25,2.0,-68.07
-1.33,-0.25,2.0,-67.51
-1.32,-0.26,2.0,-66.95
-1.32,-0.27,2.0,-66.38
-1.31,-0.28,2.0,-65.8
-1.31,-0.29,2.0,-65.22
-1.31,-0.3,2.0,-64.63
-1.3,-0.31,2.0,-64.04
-1.3,-0.32,2.0,-63.44
-1.29,-0.33,2.0,-62.83
-1.29,-0.34,2.0,-62.22
-1.28,-0.34,2.0,-61.61
-1.28,-0.35,2.0,-60.99
-1.27,-0.36,2.0,-60.36
-1.27,-0.37,2.0,-59.73
-1.26,-0.38,2.0,-59.09
-1.26,-0.39,2.0,-58.45
-1.25,-0.4,2.0,-57.8
-1.25,-0.41,2.0,-57.15
-1.24,-0.41,2.0,-56.49
-1.24,-0.42,2.0,-55.83
-1.23,-0.43,2.0,-55.16
-1.22,-0.44,2.0,-54.49
-1.22,-0.45,2.0,-53.81
-1.21,-0.45,2.0,-53.13
-1.21,-0.46,2.0,-52.44
-1.2,-0.47,2.0,-51.75
-1.19,-0.48,2.0,-51.05
-1.19,-0.49,2.0,-50.35
-1.18,-0.49,2.0,-49.65
-1.18,-0.5,2.0,-48.94
-1.17,-0.51,2.0,-48.22
-1.16,-0.52,2.0,-47.51
-1.16,-0.52,2.0,-46.78
-1.15,-0.53,2.0,-46.06
-1.14,-0.54,2.0,-45.33
-1.13,-0.54,2.0,-44.59
-1.13,-0.55,2.0,-43.85
-1.12,-0.56,2.0,-43.11
-1.11,-0.57,2.0,-42.36
-1.1,-0.57,2.0,-41.61
-1.1,-0.58,2.0,-40.86
-1.09,-0.59,2.0,-40.1
-1.08,-0.59,2.0,-39.34
-1.07,-0.6,2.0,-38.58
-1.07,-0.6,2.0,-37.81
-1.06,-0.61,2.0,-37.04
-1.05,-0.62,2.0,-36.26
-1.04,-0.62,2.0,-35.48
-1.03,-0.63,2.0,-34.7
-1.03,-0.63,2.0,-33.92
-1.02,-0.64,2.0,-33.13
-1.01,-0.64,2.0,-32.34
-1.0,-0.65,2.0,-31.55
-0.99,-0.65,2.0,-30.75
-0.98,-0.66,2.0,-29.95
-0.97,-0.66,2.0,-29.15
-0.97,-0.67,2.0,-28.35
-0.96,-0.67,2.0,-27.54
-0.95,-0.68,2.0,-26.73
-0.94,-0.68,2.0,-25.92
-0.93,-0.69,2.0,-25.11
-0.92,-0.69,2.0,-24.29
-0.91,-0.7,2.0,-23.48
-0.9,-0.7,2.0,-22.66
-0.89,-0.7,2.0,-21.83
-0.88,-0.71,2.0,-21.01
-0.88,-0.71,2.0,-20.18
-0.87,-0.71,2.0,-19.36
-0.86,-0.72,2.0,-18.53
-0.85,-0.72,2.0,-17.7
-0.84,-0.72,2.0,-16.86
-0.83,-0.73,2.0,-16.03
-0.82,-0.73,2.0,-15.2
-0.81,-0.73,2.0,-14.36
-0.8,-0.73,2.0,-13.52
-0.79,-0.74,2.0,-12.68
-0.78,-0.74,2.0,-11.84
-0.77,-0.74,2.0,-11.0
-0.76,-0.74,2.0,-10.16
-0.75,-0.74,2.0,-9.31
-0.74,-0.75,2.0,-8.47
-0.73,-0.75,2.0,-7.62
-0.72,-0.75,2.0,-6.78
-0.71,-0.75,2.0,-5.93
-0.7,-0.75,2.0,-5.09
-0.69,-0.75,2.0,-4.24
-0.68,-0.75,2.0,-3.39
-0.67,-0.75,2.0,-2.54
-0.66,-0.75,2.0,-1.7
-0.65,-0.75,2.0,-0.85
-0.64,-0.75,2.0,-0.0
-0.63,-0.75,2.0,0.85
-0.62,-0.75,2.0,1.7
-0.61,-0.75,2.0,2.54
-0.6,-0.75,2.0,3.39
-0.59,-0.75,2.0,4.24
-0.58,-0.75,2.0,5.09
-0.57,-0.75,2.0,5.93
-0.56,-0.75,2.0,6.78
-0.55,-0.75,2.0,7.62
-0.54,-0.75,2.0,8.47
-0.53,-0.74,2.0,9.31
-0.52,-0.74,2.0,10.16
-0.51,-0.74,2.0,11.0
-0.5,-0.74,2.0,11.84
-0.49,-0.74,2.0,12.68
-0.48,-0.73,2.0,13.52
-0.47,-0.73,2.0,14.36
-0.46,-0.73,2.0,15.2
-0.45,-0.73,2.0,16.03
-0.44,-0.72,2.0,16.86
-0.43,-0.72,2.0,17.7
-0.42,-0.72,2.0,18.53
-0.41,-0.71,2.0,19.36
-0.4,-0.71,2.0,20.18
-0.4,-0.71,2.0,21.01
-0.39,-0.7,2.0,21.83
-0.38,-0.7,2.0,22.66
-0.37,-0.7,2.0,23.48
-0.36,-0.69,2.0,24.29
-0.35,-0.69,2.0,25.11
-0.34,-0.68,2.0,25.92
-0.33,-0.68,2.0,26.73
-0.32,-0.67,2.0,27.54
-0.31,-0.67,2.0,28.35
-0.31,-0.66,2.0,29.15
-0.3,-0.66,2.0,29.95
-0.29,-0.65,2.0,30.75
-0.28,-0.65,2.0,31.55
-0.27,-0.64,2.0,32.34
-0.26,-0.64,2.0,33.13
-0.25,-0.63,2.0,33.92
-0.25,-0.63,2.0,34.7
-0.24,-0.62,2.0,35.48
-0.23,-0.62,2.0,36.26
-0.22,-0.61,2.0,37.04
-0.21,-0.6,2.0,37.81
-0.21,-0.6,2.0,38.58
-0.2,-0.59,2.0,39.34
-0.19,-0.59,2.0,40.1
-0.18,-0.58,2.0,40.86
-0.18,-0.57,2.0,41.61
-0.17,-0.57,2.0,42.36
-0.16,-0.56,2.0,43.11
-0.15,-0.55,2.0,43.85
-0.15,-0.54,2.0,44.59
-0.14,-0.54,2.0,45.33
-0.13,-0.53,2.0,46.06
-0.12,-0.52,2.0,46.78
-0.12,-0.52,2.0,47.51
-0.11,-0.51,2.0,48.22
-0.1,-0.5,2.0,48.94
-0.1,-0.49,2.0,49.65
-0.09,-0.49,2.0,50.35
-0.09,-0.48,2.0,51.05
-0.08,-0.47,2.0,51.75
-0.07,-0.46,2.0,52.44
-0.07,-0.45,2.0,53.13
-0.06,-0.45,2.0,53.81
-0.06,-0.44,2.0,54.49
-0.05,-0.43,2.0,55.16
-0.04,-0.42,2.0,55.83
-0.04,-0.41,2.0,56.49
-0.03,-0.41,2.0,57.15
-0.03,-0.4,2.0,57.8
-0.02,-0.39,2.0,58.45
-0.02,-0.38,2.0,59.09
-0.01,-0.37,2.0,59.73
-0.01,-0.36,2.0,60.36
-0.0,-0.35,2.0,60.99
0.0,-0.34,2.0,61.61
0.01,-0.34,2.0,62.22
0.01,-0.33,2.0,62.83
0.02,-0.32,2.0,63.44
0.02,-0.31,2.0,64.04
0.03,-0.3,2.0,64.63
0.03,-0.29,2.0,65.22
0.03,-0.28,2.0,65.8
0.04,-0.27,2.0,66.38
0.04,-0.26,2.0,66.95
0.05,-0.25,2.0,67.51
0.05,-0.25,2.0,68.07
0.05,-0.24,2.0,68.62
0.06,-0.23,2.0,69.17
0.06,-0.22,2.0,69.71
0.06,-0.21,2.0,70.24
0.07,-0.2,2.0,70.77
0.07,-0.19,2.0,71.29
0.07,-0.18,2.0,71.8
0.08,-0.17,2.0,72.31
0.08,-0.16,2.0,72.81
0.08,-0.15,2.0,73.31
0.09,-0.14,2.0,73.8
0.09,-0.13,2.0,74.28
0.09,-0.12,2.0,74.75
0.09,-0.11,2.0,75.22
0.1,-0.1,2.0,75.69
0.1,-0.09,2.0,76.14
0.1,-0.08,2.0,76.59
0.1,-0.07,2.0,77.03
0.11,-0.06,2.0,77.47
0.11,-0.05,2.0,77.9
0.11,-0.04,2.0,78.32
0.11,-0.03,2.0,78.73
0.11,-0.02,2.0,79.14
0.12,-0.01,2.0,79.54
0.12,-0.01,2.0,79.93
0.12,0.0,2.0,80.32
0.12,0.01,2.0,80.7
0.12,0.02,2.0,81.07
0.12,0.03,2.0,81.43
0.12,0.04,2.0,81.79
0.13,0.05,2.0,82.14
0.13,0.06,2.0,82.49
0.13,0.07,2.0,82.82
0.13,0.08,2.0,83.15
0.13,0.09,2.0,83.47
0.13,0.1,2.0,83.78
0.13,0.11,2.0,84.09
0.13,0.12,2.0,84.39
0.14,0.13,2.0,84.68
0.14,0.14,2.0,84.96
0.14,0.15,2.0,85.24
0.14,0.16,2.0,85.51
0.14,0.17,2.0,85.77
0.14,0.18,2.0,86.02
0.14,0.19,2.0,86.27
0.14,0.2,2.0,86.5
0.14,0.21,2.0,86.74
0.14,0.22,2.0,86.96
0.14,0.23,2.0,87.17
0.14,0.24,2.0,87.38
0.14,0.25,2.0,87.58
0.14,0.26,2.0,87.77
0.14,0.27,2.0,87.95
0.14,0.28,2.0,88.13
0.14,0.29,2.0,88.3
0.14,0.3,2.0,88.46
0.15,0.31,2.0,88.61
0.15,0.32,2.0,88.76
0.15,0.33,2.0,88.89
0.15,0.34,2.0,89.02
0.15,0.35,2.0,89.14
0.15,0.36,2.0,89.25
0.15,0.37,2.0,89.36
0.15,0.38,2.0,89.46
0.15,0.39,2.0,89.55
0.15,0.4,2.0,89.63
0.15,0.41,2.0,89.7
0.15,0.42,2.0,89.77
0.15,0.43,2.0,89.82
0.15,0.44,2.0,89.87
0.15,0.45,2.0,89.91
0.15,0.46,2.0,89.95
0.15,0.47,2.0,89.97
0.15,0.48,2.0,89.99
0.15,0.49,2.0,90.0
0.15,0.5,2.0,90.0
0.15,0.51,2.0,89.99
0.15,0.52,2.0,89.98
0.15,0.53,2.0,89.96
0.15,0.54,2.0,89.92
0.15,0.55,2.0,89.89
0.15,0.56,2.0,89.84
0.15,0.57,2.0,89.79
0.15,0.58,2.0,89.72
0.15,0.59,2.0,89.65
0.15,0.6,2.0,89.57
0.15,0.61,2.0,89.49
0.15,0.62,2.0,89.39
0.15,0.63,2.0,89.29
0.15,0.64,2.0,89.18
0.15,0.65,2.0,89.06
0.15,0.66,2.0,88.94
0.15,0.67,2.0,88.8
0.15,0.68,2.0,88.66
0.15,0.69,2.0,88.51
0.15,0.7,2.0,88.35
0.15,0.71,2.0,88.19
0.15,0.72,2.0,88.01
0.15,0.73,2.0,87.83
0.15,0.74,2.0,87.64
0.15,0.75,2.0,87.45
0.15,0.76,2.0,87.24
0.15,0.77,2.0,87.03
0.15,0.78,2.0,86.81
0.15,0.79,2.0,86.58
0.15,0.8,2.0,86.35
0.15,0.81,2.0,86.1
0.15,0.82,2.0,85.85
0.16,0.83,2.0,85.6
0.16,0.84,2.0,85.33
0.16,0.85,2.0,85.06
0.16,0.86,2.0,84.77
0.16,0.87,2.0,84.49
0.16,0.88,2.0,84.19
0.16,0.89,2.0,83.89
0.16,0.9,2.0,83.58
0.16,0.91,2.0,83.26
0.16,0.92,2.0,82.93
0.17,0.93,2.0,82.6
0.17,0.94,2.0,82.26
0.17,0.95,2.0,81.91
0.17,0.96,2.0,81.55
0.17,0.97,2.0,81.19
0.17,0.98,2.0,80.82
0.17,0.99,2.0,80.45
0.18,1.0,2.0,80.06
0.18,1.01,2.0,79.67
0.18,1.02,2.0,79.27
0.18,1.03,2.0,78.87
0.18,1.04,2.0,78.46
0.19,1.05,2.0,78.04
0.19,1.06,2.0,77.61
0.19,1.07,2.0,77.18
0.19,1.08,2.0,76.74
0.19,1.09,2.0,76.29
0.2,1.1,2.0,75.84
0.2,1.11,2.0,75.38
0.2,1.12,2.0,74.91
0.2,1.13,2.0,74.44
0.21,1.14,2.0,73.96
0.21,1.15,2.0,73.47
0.21,1.16,2.0,72.98
0.22,1.17,2.0,72.48
0.22,1.18,2.0,71.97
0.22,1.19,2.0,71.46
0.23,1.2,2.0,70.94
0.23,1.2,2.0,70.42
0.23,1.21,2.0,69.88
0.24,1.22,2.0,69.35
0.24,1.23,2.0,68.8
0.24,1.24,2.0,68.25
0.25,1.25,2.0,67.7
0.25,1.26,2.0,67.13
0.25,1.27,2.0,66.57
0.26,1.28,2.0,65.99
0.26,1.29,2.0,65.41
0.27,1.3,2.0,64.83
0.27,1.31,2.0,64.24
0.28,1.32,2.0,63.64
0.28,1.32,2.0,63.04
0.28,1.33,2.0,62.43
0.29,1.34,2.0,61.82
0.29,1.35,2.0,61.2
0.3,1.36,2.0,60.57
0.3,1.37,2.0,59.94
0.31,1.38,2.0,59.31
0.31,1.39,2.0,58.67
0.32,1.39,2.0,58.02
0.32,1.4,2.0,57.37
0.33,1.41,2.0,56.71
0.34,1.42,2.0,56.05
0.34,1.43,2.0,55.38
0.35,1.44,2.0,54.71
0.35,1.44,2.0,54.04
0.36,1.45,2.0,53.36
0.36,1.46,2.0,52.67
0.37,1.47,2.0,51.98
0.38,1.48,2.0,51.29
0.38,1.48,2.0,50.59
0.39,1.49,2.0,49.88
0.4,1.5,2.0,49.18
0.4,1.51,2.0,48.46
0.41,1.51,2.0,47.75
0.42,1.52,2.0,47.02
0.42,1.53,2.0,46.3
0.43,1.54,2.0,45.57
0.44,1.54,2.0,44.84
0.44,1.55,2.0,44.1
0.45,1.56,2.0,43.36
0.46,1.56,2.0,42.61
0.47,1.57,2.0,41.86
0.47,1.58,2.0,41.11
0.48,1.58,2.0,40.35
0.49,1.59,2.0,39.59
0.5,1.6,2.0,38.83
0.5,1.6,2.0,38.06
0.51,1.61,2.0,37.29
0.52,1.61,2.0,36.52
0.53,1.62,2.0,35.74
0.54,1.63,2.0,34.96
0.54,1.63,2.0,34.18
0.55,1.64,2.0,33.39
0.56,1.64,2.0,32.6
0.57,1.65,2.0,31.81
0.58,1.65,2.0,31.02
0.59,1.66,2.0,30.22
0.6,1.66,2.0,29.42
0.6,1.67,2.0,28.62
0.61,1.67,2.0,27.81
0.62,1.68,2.0,27.0
0.63,1.68,2.0,26.19
0.64,1.69,2.0,25.38
0.65,1.69,2.0,24.57
0.66,1.69,2.0,23.75
0.67,1.7,2.0,22.93
0.68,1.7,2.0,22.11
0.69,1.71,2.0,21.28
0.7,1.71,2.0,20.46
0.7,1.71,2.0,19.63
0.71,1.72,2.0,18.8
0.72,1.72,2.0,17.97
0.73,1.72,2.0,17.14
0.74,1.73,2.0,16.31
0.75,1.73,2.0,15.47
0.76,1.73,2.0,14.64
0.77,1.73,2.0,13.8
0.78,1.74,2.0,12.96
0.79,1.74,2.0,12.12
0.8,1.74,2.0,11.28
0.81,1.74,2.0,10.44
0.82,1.74,2.0,9.6
0.83,1.74,2.0,8.75
0.84,1.75,2.0,7.91
0.85,1.75,2.0,7.06
0.86,1.75,2.0,6.22
0.87,1.75,2.0,5.37
0.88,1.75,2.0,4.52
0.89,1.75,2.0,3.67
0.9,1.75,2.0,2.83
0.91,1.75,2.0,1.98
0.92,1.75,2.0,1.13
0.93,1.75,2.0,0.28
0.94,1.75,2.0,-0.57
0.95,1.75,2.0,-1.41
0.96,1.75,2.0,-2.26
0.97,1.75,2.0,-3.11
0.98,1.75,2.0,-3.96
0.99,1.75,2.0,-4.8
1.0,1.75,2.0,-5.65
1.01,1.75,2.0,-6.5
1.02,1.75,2.0,-7.34
1.03,1.75,2.0,-8.19
1.04,1.74,2.0,-9.03
1.05,1.74,2.0,-9.88
1.06,1.74,2.0,-10.72
1.07,1.74,2.0,-11.56
1.08,1.74,2.0,-12.4
1.09,1.73,2.0,-13.24
1.1,1.73,2.0,-14.08
1.11,1.73,2.0,-14.92
1.12,1.73,2.0,-15.75
1.13,1.72,2.0,-16.59
1.14,1.72,2.0,-17.42
1.15,1.72,2.0,-18.25
1.16,1.72,2.0,-19.08
1.17,1.71,2.0,-19.91
1.17,1.71,2.0,-20.74
1.18,1.7,2.0,-21.56
1.19,1.7,2.0,-22.38
1.2,1.7,2.0,-23.2
1.21,1.69,2.0,-24.02
1.22,1.69,2.0,-24.84
1.23,1.68,2.0,-25.65
1.24,1.68,2.0,-26.46
1.25,1.68,2.0,-27.27
1.26,1.67,2.0,-28.08
1.27,1.67,2.0,-28.88
1.27,1.66,2.0,-29.69
1.28,1.66,2.0,-30.49
1.29,1.65,2.0,-31.28
1.3,1.65,2.0,-32.08
1.31,1.64,2.0,-32.87
1.32,1.64,2.0,-33.66
1.32,1.63,2.0,-34.44
1.33,1.62,2.0,-35.22
1.34,1.62,2.0,-36.0
1.35,1.61,2.0,-36.78
1.36,1.61,2.0,-37.55
1.37,1.6,2.0,-38.32
1.37,1.59,2.0,-39.09
1.38,1.59,2.0,-39.85
1.39,1.58,2.0,-40.61
1.4,1.57,2.0,-41.36
1.4,1.57,2.0,-42.11
1.41,1.56,2.0,-42.86
1.42,1.55,2.0,-43.61
1.43,1.55,2.0,-44.35
1.43,1.54,2.0,-45.08
1.44,1.53,2.0,-45.81
1.45,1.53,2.0,-46.54
1.45,1.52,2.0,-47.27
1.46,1.51,2.0,-47.99
1.47,1.5,2.0,-48.7
1.47,1.5,2.0,-49.41
1.48,1.49,2.0,-50.12
1.49,1.48,2.0,-50.82
1.49,1.47,2.0,-51.52
1.5,1.47,2.0,-52.21
1.5,1.46,2.0,-52.9
1.51,1.45,2.0,-53.58
1.52,1.44,2.0,-54.26
1.52,1.43,2.0,-54.94
1.53,1.42,2.0,-55.61
1.53,1.42,2.0,-56.27
1.54,1.41,2.0,-56.93
1.54,1.4,2.0,-57.59
1.55,1.39,2.0,-58.24
1.55,1.38,2.0,-58.88
1.56,1.37,2.0,-59.52
1.56,1.37,2.0,-60.15
1.57,1.36,2.0,-60.78
1.57,1.35,2.0,-61.4
1.58,1.34,2.0,-62.02
1.58,1.33,2.0,-62.63
1.59,1.32,2.0,-63.24
1.59,1.31,2.0,-63.84
1.6,1.3,2.0,-64.43
1.6,1.29,2.0,-65.02
1.61,1.29,2.0,-65.61
1.61,1.28,2.0,-66.18
1.61,1.27,2.0,-66.76
1.62,1.26,2.0,-67.32
1.62,1.25,2.0,-67.88
1.63,1.24,2.0,-68.44
1.63,1.23,2.0,-68.98
1.63,1.22,2.0,-69.53
1.64,1.21,2.0,-70.06
1.64,1.2,2.0,-70.59
1.64,1.19,2.0,-71.11
1.65,1.18,2.0,-71.63
1.65,1.17,2.0,-72.14
1.65,1.16,2.0,-72.64
1.65,1.15,2.0,-73.14
1.66,1.14,2.0,-73.63
1.66,1.14,2.0,-74.12
1.66,1.13,2.0,-74.6
1.67,1.12,2.0,-75.07
1.67,1.11,2.0,-75.53
1.67,1.1,2.0,-75.99
1.67,1.09,2.0,-76.44
1.68,1.08,2.0,-76.88
1.68,1.07,2.0,-77.32
1.68,1.06,2.0,-77.75
1.68,1.05,2.0,-78.18
1.68,1.04,2.0,-78.59
1.69,1.03,2.0,-79.0
1.69,1.02,2.0,-79.41
1.69,1.01,2.0,-79.8
1.69,1.0,2.0,-80.19
1.69,0.99,2.0,-80.57
1.69,0.98,2.0,-80.95
1.7,0.97,2.0,-81.31
1.7,0.96,2.0,-81.67
1.7,0.95,2.0,-82.03
1.7,0.94,2.0,-82.37
1.7,0.93,2.0,-82.71
1.7,0.92,2.0,-83.04
1.7,0.91,2.0,-83.36
1.71,0.9,2.0,-83.68
1.71,0.89,2.0,-83.99
1.71,0.88,2.0,-84.29
1.71,0.87,2.0,-84.58
1.71,0.86,2.0,-84.87
1.71,0.85,2.0,-85.15
1.71,0.84,2.0,-85.42
1.71,0.83,2.0,-85.68
1.71,0.82,2.0,-85.94
1.71,0.81,2.0,-86.19
1.71,0.8,2.0,-86.43
1.71,0.79,2.0,-86.66
1.71,0.78,2.0,-86.88
1.72,0.77,2.0,-87.1
1.72,0.76,2.0,-87.31
1.72,0.75,2.0,-87.51
1.72,0.74,2.0,-87.71
1.72,0.73,2.0,-87.89
1.72,0.72,2.0,-88.07
1.72,0.71,2.0,-88.24
1.72,0.7,2.0,-88.41
1.72,0.69,2.0,-88.56
1.72,0.68,2.0,-88.71
1.72,0.67,2.0,-88.85
1.72,0.66,2.0,-88.98
1.72,0.65,2.0,-89.1
1.72,0.64,2.0,-89.22
1.72,0.63,2.0,-89.33
1.72,0.62,2.0,-89.43
1.72,0.61,2.0,-89.52
1.72,0.6,2.0,-89.6
1.72,0.59,2.0,-89.68
1.72,0.58,2.0,-89.74
1.72,0.57,2.0,-89.8
1.72,0.56,2.0,-89.86
1.72,0.55,2.0,-89.9
1.72,0.54,2.0,-89.94
1.72,0.53,2.0,-89.96
1.72,0.52,2.0,-89.98
1.72,0.51,2.0,-90.0
1.72,0.5,2.0,-90.0
1.72,0.49,2.0,-90.0
1.72,0.48,2.0,-89.98
1.72,0.47,2.0,-89.96
1.72,0.46,2.0,-89.94
1.72,0.45,2.0,-89.9
1.72,0.44,2.0,-89.86
1.72,0.43,2.0,-89.8
1.72,0.42,2.0,-89.74
1.72,0.41,2.0,-89.68
1.72,0.4,2.0,-89.6
1.72,0.39,2.0,-89.52
1.72,0.38,2.0,-89.43
1.72,0.37,2.0,-89.33
1.72,0.36,2.0,-89.22
1.72,0.35,2.0,-89.1
1.72,0.34,2.0,-88.98
1.72,0.33,2.0,-88.85
1.72,0.32,2.0,-88.71
1.72,0.31,2.0,-88.56
1.72,0.3,2.0,-88.41
1.72,0.29,2.0,-88.24
1.72,0.28,2.0,-88.07
1.72,0.27,2.0,-87.89
1.72,0.26,2.0,-87.71
1.72,0.25,2.0,-87.51
1.72,0.24,2.0,-87.31
1.72,0.23,2.0,-87.1
1.73,0.22,2.0,-86.88
1.73,0.21,2.0,-86.66
1.73,0.2,2.0,-86.43
1.73,0.19,2.0,-86.19
1.73,0.18,2.0,-85.94
1.73,0.17,2.0,-85.68
1.73,0.16,2.0,-85.42
1.73,0.15,2.0,-85.15
1.73,0.14,2.0,-84.87
1.73,0.13,2.0,-84.58
1.73,0.12,2.0,-84.29
1.73,0.11,2.0,-83.99
1.73,0.1,2.0,-83.68
1.74,0.09,2.0,-83.36
1.74,0.08,2.0,-83.04
1.74,0.07,2.0,-82.71
1.74,0.06,2.0,-82.37
1.74,0.05,2.0,-82.03
1.74,0.04,2.0,-81.67
1.74,0.03,2.0,-81.31
1.75,0.02,2.0,-80.95
1.75,0.01,2.0,-80.57
1.75,0.0,2.0,-80.19
1.75,-0.01,2.0,-79.8
1.75,-0.02,2.0,-79.41
1.75,-0.03,2.0,-79.0
1.76,-0.04,2.0,-78.59
1.76,-0.05,2.0,-78.18
1.76,-0.06,2.0,-77.75
1.76,-0.07,2.0,-77.32
1.76,-0.08,2.0,-76.88
1.77,-0.09,2.0,-76.44
1.77,-0.1,2.0,-75.99
1.77,-0.11,2.0,-75.53
1.77,-0.12,2.0,-75.07
1.78,-0.13,2.0,-74.6
1.78,-0.14,2.0,-74.12
1.78,-0.14,2.0,-73.63
1.79,-0.15,2.0,-73.14
1.79,-0.16,2.0,-72.64
1.79,-0.17,2.0,-72.14
1.79,-0.18,2.0,-71.63
1.8,-0.19,2.0,-71.11
1.8,-0.2,2.0,-70.59
1.8,-0.21,2.0,-70.06
1.81,-0.22,2.0,-69.53
1.81,-0.23,2.0,-68.98
1.81,-0.24,2.0,-68.44
1.82,-0.25,2.0,-67.88
1.82,-0.26,2.0,-67.32
1.83,-0.27,2.0,-66.76
1.83,-0.28,2.0,-66.18
1.83,-0.29,2.0,-65.61
1.84,-0.29,2.0,-65.02
1.84,-0.3,2.0,-64.43
1.85,-0.31,2.0,-63.84
1.85,-0.32,2.0,-63.24
1.86,-0.33,2.0,-62.63
1.86,-0.34,2.0,-62.02
1.87,-0.35,2.0,-61.4
1.87,-0.36,2.0,-60.78
1.88,-0.37,2.0,-60.15
1.88,-0.37,2.0,-59.52
1.89,-0.38,2.0,-58.88
1.89,-0.39,2.0,-58.24
1.9,-0.4,2.0,-57.59
1.9,-0.41,2.0,-56.93
1.91,-0.42,2.0,-56.27
1.91,-0.42,2.0,-55.61
1.92,-0.43,2.0,-54.94
1.92,-0.44,2.0,-54.26
1.93,-0.45,2.0,-53.58
1.94,-0.46,2.0,-52.9
1.94,-0.47,2.0,-52.21
1.95,-0.47,2.0,-51.52
1.95,-0.48,2.0,-50.82
1.96,-0.49,2.0,-50.12
1.97,-0.5,2.0,-49.41
1.97,-0.5,2.0,-48.7
1.98,-0.51,2.0,-47.99
1.99,-0.52,2.0,-47.27
1.99,-0.53,2.0,-46.54
2.0,-0.53,2.0,-45.81
2.01,-0.54,2.0,-45.08
2.01,-0.55,2.0,-44.35
2.02,-0.55,2.0,-43.61
2.03,-0.56,2.0,-42.86
2.04,-0.57,2.0,-42.11
2.04,-0.57,2.0,-41.36
2.05,-0.58,2.0,-40.61
2.06,-0.59,2.0,-39.85
2.07,-0.59,2.0,-39.09
2.07,-0.6,2.0,-38.32
2.08,-0.61,2.0,-37.55
2.09,-0.61,2.0,-36.78
2.1,-0.62,2.0,-36.0
2.11,-0.62,2.0,-35.22
2.12,-0.63,2.0,-34.44
2.12,-0.64,2.0,-33.66
2.13,-0.64,2.0,-32.87
2.14,-0.65,2.0,-32.08
2.15,-0.65,2.0,-31.28
2.16,-0.66,2.0,-30.49
2.17,-0.66,2.0,-29.69
2.17,-0.67,2.0,-28.88
2.18,-0.67,2.0,-28.08
2.19,-0.68,2.0,-27.27
2.2,-0.68,2.0,-26.46
2.21,-0.68,2.0,-25.65
2.22,-0.69,2.0,-24.84
2.23,-0.69,2.0,-24.02
2.24,-0.7,2.0,-23.2
2.25,-0.7,2.0,-22.38
2.26,-0.7,2.0,-21.56
2.27,-0.71,2.0,-20.74
2.27,-0.71,2.0,-19.91
2.28,-0.72,2.0,-19.08
2.29,-0.72,2.0,-18.25
2.3,-0.72,2.0,-17.42
2.31,-0.72,2.0,-16.59
2.32,-0.73,2.0,-15.75
2.33,-0.73,2.0,-14.92
2.34,-0.73,2.0,-14.08
2.35,-0.73,2.0,-13.24
2.36,-0.74,2.0,-12.4
2.37,-0.74,2.0,-11.56
2.38,-0.74,2.0,-10.72
2.39,-0.74,2.0,-9.88
2.4,-0.74,2.0,-9.03
2.41,-0.75,2.0,-8.19
2.42,-0.75,2.0,-7.34
2.43,-0.75,2.0,-6.5
2.44,-0.75,2.0,-5.65
2.45,-0.75,2.0,-4.8
2.46,-0.75,2.0,-3.96
2.47,-0.75,2.0,-3.11
2.48,-0.75,2.0,-2.26
2.49,-0.75,2.0,-1.41
2.5,-0.75,2.0,-0.57
2.51,-0.75,2.0,0.28
2.52,-0.75,2.0,1.13
2.53,-0.75,2.0,1.98
2.54,-0.75,2.0,2.83
2.55,-0.75,2.0,3.67
2.56,-0.75,2.0,4.52
2.57,-0.75,2.0,5.37
2.58,-0.75,2.0,6.22
2.59,-0.75,2.0,7.06
2.6,-0.75,2.0,7.91
2.61,-0.74,2.0,8.75
2.62,-0.74,2.0,9.6
2.63,-0.74,2.0,10.44
2.64,-0.74,2.0,11.28
2.65,-0.74,2.0,12.12
2.66,-0.74,2.0,12.96
2.67,-0.73,2.0,13.8
2.68,-0.73,2.0,14.64
2.69,-0.73,2.0,15.47
2.7,-0.73,2.0,16.31
2.71,-0.72,2.0,17.14
2.72,-0.72,2.0,17.97
2.73,-0.72,2.0,18.8
2.74,-0.71,2.0,19.63
2.74,-0.71,2.0,20.46
2.75,-0.71,2.0,21.28
2.76,-0.7,2.0,22.11
2.77,-0.7,2.0,22.93
2.78,-0.69,2.0,23.75
2.79,-0.69,2.0,24.57
2.8,-0.69,2.0,25.38
2.81,-0.68,2.0,26.19
2.82,-0.68,2.0,27.0
2.83,-0.67,2.0,27.81
2.84,-0.67,2.0,28.62
2.84,-0.66,2.0,29.42
2.85,-0.66,2.0,30.22
2.86,-0.65,2.0,31.02
2.87,-0.65,2.0,31.81
2.88,-0.64,2.0,32.6
2.89,-0.64,2.0,33.39
2.9,-0.63,2.0,34.18
2.9,-0.63,2.0,34.96
2.91,-0.62,2.0,35.74
2.92,-0.61,2.0,36.52
2.93,-0.61,2.0,37.29
2.94,-0.6,2.0,38.06
2.94,-0.6,2.0,38.83
2.95,-0.59,2.0,39.59
2.96,-0.58,2.0,40.35
2.97,-0.58,2.0,41.11
2.97,-0.57,2.0,41.86
2.98,-0.56,2.0,42.61
2.99,-0.56,2.0,43.36
3.0,-0.55,2.0,44.1
3.0,-0.54,2.0,44.84
3.01,-0.54,2.0,45.57
3.02,-0.53,2.0,46.3
3.02,-0.52,2.0,47.02
3.03,-0.51,2.0,47.75
3.04,-0.51,2.0,48.46
3.04,-0.5,2.0,49.18
3.05,-0.49,2.0,49.88
3.06,-0.48,2.0,50.59
3.06,-0.48,2.0,51.29
3.07,-0.47,2.0,51.98
3.08,-0.46,2.0,52.67
3.08,-0.45,2.0,53.36
3.09,-0.44,2.0,54.04
3.09,-0.44,2.0,54.71
3.1,-0.43,2.0,55.38
3.1,-0.42,2.0,56.05
3.11,-0.41,2.0,56.71
3.12,-0.4,2.0,57.37
3.12,-0.39,2.0,58.02
3.13,-0.39,2.0,58.67
3.13,-0.38,2.0,59.31
3.14,-0.37,2.0,59.94
3.14,-0.36,2.0,60.57
3.15,-0.35,2.0,61.2
3.15,-0.34,2.0,61.82
3.16,-0.33,2.0,62.43
3.16,-0.32,2.0,63.04
3.16,-0.32,2.0,63.64
3.17,-0.31,2.0,64.24
3.17,-0.3,2.0,64.83
3.18,-0.29,2.0,65.41
3.18,-0.28,2.0,65.99
3.19,-0.27,2.0,66.57
3.19,-0.26,2.0,67.13
3.19,-0.25,2.0,67.7
3.2,-0.24,2.0,68.25
3.2,-0.23,2.0,68.8
3.2,-0.22,2.0,69.35
3.21,-0.21,2.0,69.88
3.21,-0.2,2.0,70.42
3.21,-0.2,2.0,70.94
3.22,-0.19,2.0,71.46
3.22,-0.18,2.0,71.97
3.22,-0.17,2.0,72.48
3.23,-0.16,2.0,72.98
3.23,-0.15,2.0,73.47
3.23,-0.14,2.0,73.96
3.24,-0.13,2.0,74.44
3.24,-0.12,2.0,74.91
3.24,-0.11,2.0,75.38
3.24,-0.1,2.0,75.84
3.25,-0.09,2.0,76.29
3.25,-0.08,2.0,76.74
3.25,-0.07,2.0,77.18
3.25,-0.06,2.0,77.61
3.25,-0.05,2.0,78.04
3.26,-0.04,2.0,78.46
3.26,-0.03,2.0,78.87
3.26,-0.02,2.0,79.27
3.26,-0.01,2.0,79.67
3.26,-0.0,2.0,80.06
3.27,0.01,2.0,80.45
3.27,0.02,2.0,80.82
3.27,0.03,2.0,81.19
3.27,0.04,2.0,81.55
3.27,0.05,2.0,81.91
3.27,0.06,2.0,82.26
3.27,0.07,2.0,82.6
3.28,0.08,2.0,82.93
3.28,0.09,2.0,83.26
3.28,0.1,2.0,83.58
3.28,0.11,2.0,83.89
3.28,0.12,2.0,84.19
3.28,0.13,2.0,84.49
3.28,0.14,2.0,84.77
3.28,0.15,2.0,85.06
3.28,0.16,2.0,85.33
3.28,0.17,2.0,85.6
3.29,0.18,2.0,85.85
3.29,0.19,2.0,86.1
3.29,0.2,2.0,86.35
3.29,0.21,2.0,86.58
3.29,0.22,2.0,86.81
3.29,0.23,2.0,87.03
3.29,0.24,2.0,87.24
3.29,0.25,2.0,87.45
3.29,0.26,2.0,87.64
3.29,0.27,2.0,87.83
3.29,0.28,2.0,88.01
3.29,0.29,2.0,88.19
3.29,0.3,2.0,88.35
3.29,0.31,2.0,88.51
3.29,0.32,2.0,88.66
3.29,0.33,2.0,88.8
3.29,0.34,2.0,88.94
3.29,0.35,2.0,89.06
3.29,0.36,2.0,89.18
3.29,0.37,2.0,89.29
3.29,0.38,2.0,89.39
3.29,0.39,2.0,89.49
3.29,0.4,2.0,89.57
3.29,0.41,2.0,89.65
3.29,0.42,2.0,89.72
3.29,0.43,2.0,89.79
3.29,0.44,2.0,89.84
3.29,0.45,2.0,89.89
3.29,0.46,2.0,89.92
3.29,0.47,2.0,89.96
3.29,0.48,2.0,89.98
3.29,0.49,2.0,89.99
3.29,0.5,2.0,90.0
3.29,0.51,2.0,90.0
3.29,0.52,2.0,89.99
3.29,0.53,2.0,89.97
3.29,0.54,2.0,89.95
3.29,0.55,2.0,89.91
3.29,0.56,2.0,89.87
3.29,0.57,2.0,89.82
3.29,0.58,2.0,89.77
3.29,0.59,2.0,89.7
3.29,0.6,2.0,89.63
3.29,0.61,2.0,89.55
3.29,0.62,2.0,89.46
3.29,0.63,2.0,89.36
3.29,0.64,2.0,89.25
3.29,0.65,2.0,89.14
3.29,0.66,2.0,89.02
3.29,0.67,2.0,88.89
3.29,0.68,2.0,88.76
3.29,0.69,2.0,88.61
3.3,0.7,2.0,88.46
3.3,0.71,2.0,88.3
3.3,0.72,2.0,88.13
3.3,0.73,2.0,87.95
3.3,0.74,2.0,87.77
3.3,0.75,2.0,87.58
3.3,0.76,2.0,87.38
3.3,0.77,2.0,87.17
3.3,0.78,2.0,86.96
3.3,0.79,2.0,86.74
3.3,0.8,2.0,86.5
3.3,0.81,2.0,86.27
3.3,0.82,2.0,86.02
3.3,0.83,2.0,85.77
3.3,0.84,2.0,85.51
3.3,0.85,2.0,85.24
3.3,0.86,2.0,84.96
3.3,0.87,2.0,84.68
3.31,0.88,2.0,84.39
3.31,0.89,2.0,84.09
3.31,0.9,2.0,83.78
3.31,0.91,2.0,83.47
3.31,0.92,2.0,83.15
3.31,0.93,2.0,82.82
3.31,0.94,2.0,82.49
3.31,0.95,2.0,82.14
3.32,0.96,2.0,81.79
3.32,0.97,2.0,81.43
3.32,0.98,2.0,81.07
3.32,0.99,2.0,80.7
3.32,1.0,2.0,80.32
3.32,1.01,2.0,79.93
3.32,1.01,2.0,79.54
3.33,1.02,2.0,79.14
3.33,1.03,2.0,78.73
3.33,1.04,2.0,78.32
3.33,1.05,2.0,77.9
3.33,1.06,2.0,77.47
3.34,1.07,2.0,77.03
3.34,1.08,2.0,76.59
3.34,1.09,2.0,76.14
3.34,1.1,2.0,75.69
3.35,1.11,2.0,75.22
3.35,1.12,2.0,74.75
3.35,1.13,2.0,74.28
3.35,1.14,2.0,73.8
3.36,1.15,2.0,73.31
3.36,1.16,2.0,72.81
3.36,1.17,2.0,72.31
3.37,1.18,2.0,71.8
3.37,1.19,2.0,71.29
3.37,1.2,2.0,70.77
3.38,1.21,2.0,70.24
3.38,1.22,2.0,69.71
3.38,1.23,2.0,69.17
3.39,1.24,2.0,68.62
3.39,1.25,2.0,68.07
3.39,1.25,2.0,67.51
3.4,1.26,2.0,66.95
3.4,1.27,2.0,66.38
3.41,1.28,2.0,65.8
3.41,1.29,2.0,65.22
3.41,1.3,2.0,64.63
3.42,1.31,2.0,64.04
3.42,1.32,2.0,63.44
3.43,1.33,2.0,62.83
3.43,1.34,2.0,62.22
3.44,1.34,2.0,61.61
3.44,1.35,2.0,60.99
3.45,1.36,2.0,60.36
3.45,1.37,2.0,59.73
3.46,1.38,2.0,59.09
3.46,1.39,2.0,58.45
3.47,1.4,2.0,57.8
3.47,1.41,2.0,57.15
3.48,1.41,2.0,56.49
3.48,1.42,2.0,55.83
3.49,1.43,2.0,55.16
3.5,1.44,2.0,54.49
3.5,1.45,2.0,53.81
3.51,1.45,2.0,53.13
3.51,1.46,2.0,52.44
3.52,1.47,2.0,51.75
3.53,1.48,2.0,51.05
3.53,1.49,2.0,50.35
3.54,1.49,2.0,49.65
3.54,1.5,2.0,48.94
3.55,1.51,2.0,48.22
3.56,1.52,2.0,47.51
3.56,1.52,2.0,46.78
3.57,1.53,2.0,46.06
3.58,1.54,2.0,45.33
3.59,1.54,2.0,44.59
3.59,1.55,2.0,43.85
3.6,1.56,2.0,43.11
3.61,1.57,2.0,42.36
3.62,1.57,2.0,41.61
3.62,1.58,2.0,40.86
3.63,1.59,2.0,40.1
3.64,1.59,2.0,39.34
3.65,1.6,2.0,38.58
3.65,1.6,2.0,37.81
3.66,1.61,2.0,37.04
3.67,1.62,2.0,36.26
3.68,1.62,2.0,35.48
3.69,1.63,2.0,34.7
3.69,1.63,2.0,33.92
3.7,1.64,2.0,33.13
3.71,1.64,2.0,32.34
3.72,1.65,2.0,31.55
3.73,1.65,2.0,30.75
3.74,1.66,2.0,29.95
3.75,1.66,2.0,29.15
3.75,1.67,2.0,28.35
3.76,1.67,2.0,27.54
3.77,1.68,2.0,26.73
3.78,1.68,2.0,25.92
3.79,1.69,2.0,25.11
3.8,1.69,2.0,24.29
3.81,1.7,2.0,23.48
3.82,1.7,2.0,22.66
3.83,1.7,2.0,21.83
3.84,1.71,2.0,21.01
3.84,1.71,2.0,20.18
3.85,1.71,2.0,19.36
3.86,1.72,2.0,18.53
3.87,1.72,2.0,17.7
3.88,1.72,2.0,16.86
3.89,1.73,2.0,16.03
3.9,1.73,2.0,15.2
3.91,1.73,2.0,14.36
3.92,1.73,2.0,13.52
3.93,1.74,2.0,12.68
3.94,1.74,2.0,11.84
3.95,1.74,2.0,11.0
3.96,1.74,2.0,10.16
3.97,1.74,2.0,9.31
3.98,1.75,2.0,8.47
3.99,1.75,2.0,7.62
4.0,1.75,2.0,6.78
4.01,1.75,2.0,5.93
4.02,1.75,2.0,5.09
4.03,1.75,2.0,4.24
4.04,1.75,2.0,3.39
4.05,1.75,2.0,2.54
4.06,1.75,2.0,1.7
4.07,1.75,2.0,0.85
4.07,1.75,2.0,-0.0
4.06,1.75,2.0,0.85
4.05,1.75,2.0,1.7
4.04,1.75,2.0,2.54
4.03,1.75,2.0,3.39
4.02,1.75,2.0,4.24
4.01,1.75,2.0,5.09
4.0,1.75,2.0,5.93
3.99,1.75,2.0,6.78
3.98,1.75,2.0,7.62
3.97,1.75,2.0,8.47
3.96,1.74,2.0,9.31
3.95,1.74,2.0,10.16
3.94,1.74,2.0,11.0
3.93,1.74,2.0,11.84
3.92,1.74,2.0,12.68
3.91,1.73,2.0,13.52
3.9,1.73,2.0,14.36
3.89,1.73,2.0,15.2
3.88,1.73,2.0,16.03
3.87,1.72,2.0,16.86
3.86,1.72,2.0,17.7
3.85,1.72,2.0,18.53
3.84,1.71,2.0,19.36
3.83,1.71,2.0,20.18
3.83,1.71,2.0,21.01
3.82,1.7,2.0,21.83
3.81,1.7,2.0,22.66
3.8,1.7,2.0,23.48
3.79,1.69,2.0,24.29
3.78,1.69,2.0,25.11
3.77,1.68,2.0,25.92
3.76,1.68,2.0,26.73
3.75,1.67,2.0,27.54
3.74,1.67,2.0,28.35
3.74,1.66,2.0,29.15
3.73,1.66,2.0,29.95
3.72,1.65,2.0,30.75
3.71,1.65,2.0,31.55
3.7,1.64,2.0,32.34
3.69,1.64,2.0,33.13
3.68,1.63,2.0,33.92
3.68,1.63,2.0,34.7
3.67,1.62,2.0,35.48
3.66,1.62,2.0,36.26
3.65,1.61,2.0,37.04
3.64,1.6,2.0,37.81
3.64,1.6,2.0,38.58
3.63,1.59,2.0,39.34
3.62,1.59,2.0,40.1
3.61,1.58,2.0,40.86
3.61,1.57,2.0,41.61
3.6,1.57,2.0,42.36
3.59,1.56,2.0,43.11
3.58,1.55,2.0,43.85
3.58,1.54,2.0,44.59
3.57,1.54,2.0,45.33
3.56,1.53,2.0,46.06
3.55,1.52,2.0,46.78
3.55,1.52,2.0,47.51
3.54,1.51,2.0,48.22
3.53,1.5,2.0,48.94
3.53,1.49,2.0,49.65
3.52,1.49,2.0,50.35
3.52,1.48,2.0,51.05
3.51,1.47,2.0,51.75
3.5,1.46,2.0,52.44
3.5,1.45,2.0,53.13
3.49,1.45,2.0,53.81
3.49,1.44,2.0,54.49
3.48,1.43,2.0,55.16
3.47,1.42,2.0,55.83
3.47,1.41,2.0,56.49
3.46,1.41,2.0,57.15
3.46,1.4,2.0,57.8
3.45,1.39,2.0,58.45
3.45,1.38,2.0,59.09
3.44,1.37,2.0,59.73
3.44,1.36,2.0,60.36
3.43,1.35,2.0,60.99
3.43,1.34,2.0,61.61
3.42,1.34,2.0,62.22
3.42,1.33,2.0,62.83
3.41,1.32,2.0,63.44
3.41,1.31,2.0,64.04
3.4,1.3,2.0,64.63
3.4,1.29,2.0,65.22
3.4,1.28,2.0,65.8
3.39,1.27,2.0,66.38
3.39,1.26,2.0,66.95
3.38,1.25,2.0,67.51
3.38,1.25,2.0,68.07
3.38,1.24,2.0,68.62
3.37,1.23,2.0,69.17
3.37,1.22,2.0,69.71
3.37,1.21,2.0,70.24
3.36,1.2,2.0,70.77
3.36,1.19,2.0,71.29
3.36,1.18,2.0,71.8
3.35,1.17,2.0,72.31
3.35,1.16,2.0,72.81
3.35,1.15,2.0,73.31
3.34,1.14,2.0,73.8
3.34,1.13,2.0,74.28
3.34,1.12,2.0,74.75
3.34,1.11,2.0,75.22
3.33,1.1,2.0,75.69
3.33,1.09,2.0,76.14
3.33,1.08,2.0,76.59
3.33,1.07,2.0,77.03
3.32,1.06,2.0,77.47
3.32,1.05,2.0,77.9
3.32,1.04,2.0,78.32
3.32,1.03,2.0,78.73
3.32,1.02,2.0,79.14
3.31,1.01,2.0,79.54
3.31,1.01,2.0,79.93
3.31,1.0,2.0,80.32
3.31,0.99,2.0,80.7
3.31,0.98,2.0,81.07
3.31,0.97,2.0,81.43
3.31,0.96,2.0,81.79
3.3,0.95,2.0,82.14
3.3,0.94,2.0,82.49
3.3,0.93,2.0,82.82
3.3,0.92,2.0,83.15
3.3,0.91,2.0,83.47
3.3,0.9,2.0,83.78
3.3,0.89,2.0,84.09
3.3,0.88,2.0,84.39
3.29,0.87,2.0,84.68
3.29,0.86,2.0,84.96
3.29,0.85,2.0,85.24
3.29,0.84,2.0,85.51
3.29,0.83,2.0,85.77
3.29,0.82,2.0,86.02
3.29,0.81,2.0,86.27
3.29,0.8,2.0,86.5
3.29,0.79,2.0,86.74
3.29,0.78,2.0,86.96
3.29,0.77,2.0,87.17
3.29,0.76,2.0,87.38
3.29,0.75,2.0,87.58
3.29,0.74,2.0,87.77
3.29,0.73,2.0,87.95
3.29,0.72,2.0,88.13
3.29,0.71,2.0,88.3
3.29,0.7,2.0,88.46
3.28,0.69,2.0,88.61
3.28,0.68,2.0,88.76
3.28,0.67,2.0,88.89
3.28,0.66,2.0,89.02
3.28,0.65,2.0,89.14
3.28,0.64,2.0,89.25
3.28,0.63,2.0,89.36
3.28,0.62,2.0,89.46
3.28,0.61,2.0,89.55
3.28,0.6,2.0,89.63
3.28,0.59,2.0,89.7
3.28,0.58,2.0,89.77
3.28,0.57,2.0,89.82
3.28,0.56,2.0,89.87
3.28,0.55,2.0,89.91
3.28,0.54,2.0,89.95
3.28,0.53,2.0,89.97
3.28,0.52,2.0,89.99
3.28,0.51,2.0,90.0
3.28,0.5,2.0,90.0
3.28,0.49,2.0,89.99
3.28,0.48,2.0,89.98
3.28,0.47,2.0,89.96
3.28,0.46,2.0,89.92
3.28,0.45,2.0,89.89
3.28,0.44,2.0,89.84
3.28,0.43,2.0,89.79
3.28,0.42,2.0,89.72
3.28,0.41,2.0,89.65
3.28,0.4,2.0,89.57
3.28,0.39,2.0,89.49
3.28,0.38,2.0,89.39
3.28,0.37,2.0,89.29
3.28,0.36,2.0,89.18
3.28,0.35,2.0,89.06
3.28,0.34,2.0,88.94
3.28,0.33,2.0,88.8
3.28,0.32,2.0,88.66
3.28,0.31,2.0,88.51
3.28,0.3,2.0,88.35
3.28,0.29,2.0,88.19
3.28,0.28,2.0,88.01
3.28,0.27,2.0,87.83
3.28,0.26,2.0,87.64
3.28,0.25,2.0,87.45
3.28,0.24,2.0,87.24
3.28,0.23,2.0,87.03
3.28,0.22,2.0,86.81
3.28,0.21,2.0,86.58
3.28,0.2,2.0,86.35
3.28,0.19,2.0,86.1
3.28,0.18,2.0,85.85
3.27,0.17,2.0,85.6
3.27,0.16,2.0,85.33
3.27,0.15,2.0,85.06
3.27,0.14,2.0,84.77
3.27,0.13,2.0,84.49
3.27,0.12,2.0,84.19
3.27,0.11,2.0,83.89
3.27,0.1,2.0,83.58
3.27,0.09,2.0,83.26
3.27,0.08,2.0,82.93
3.26,0.07,2.0,82.6
3.26,0.06,2.0,82.26
3.26,0.05,2.0,81.91
3.26,0.04,2.0,81.55
3.26,0.03,2.0,81.19
3.26,0.02,2.0,80.82
3.26,0.01,2.0,80.45
3.25,-0.0,2.0,80.06
3.25,-0.01,2.0,79.67
3.25,-0.02,2.0,79.27
3.25,-0.03,2.0,78.87
3.25,-0.04,2.0,78.46
3.24,-0.05,2.0,78.04
3.24,-0.06,2.0,77.61
3.24,-0.07,2.0,77.18
3.24,-0.08,2.0,76.74
3.24,-0.09,2.0,76.29
3.23,-0.1,2.0,75.84
3.23,-0.11,2.0,75.38
3.23,-0.12,2.0,74.91
3.23,-0.13,2.0,74.44
3.22,-0.14,2.0,73.96
3.22,-0.15,2.0,73.47
3.22,-0.16,2.0,72.98
3.21,-0.17,2.0,72.48
3.21,-0.18,2.0,71.97
3.21,-0.19,2.0,71.46
3.2,-0.2,2.0,70.94
3.2,-0.2,2.0,70.42
3.2,-0.21,2.0,69.88
3.19,-0.22,2.0,69.35
3.19,-0.23,2.0,68.8
3.19,-0.24,2.0,68.25
3.18,-0.25,2.0,67.7
3.18,-0.26,2.0,67.13
3.18,-0.27,2.0,66.57
3.17,-0.28,2.0,65.99
3.17,-0.29,2.0,65.41
3.16,-0.3,2.0,64.83
3.16,-0.31,2.0,64.24
3.15,-0.32,2.0,63.64
3.15,-0.32,2.0,63.04
3.15,-0.33,2.0,62.43
3.14,-0.34,2.0,61.82
3.14,-0.35,2.0,61.2
3.13,-0.36,2.0,60.57
3.13,-0.37,2.0,59.94
3.12,-0.38,2.0,59.31
3.12,-0.39,2.0,58.67
3.11,-0.39,2.0,58.02
3.11,-0.4,2.0,57.37
3.1,-0.41,2.0,56.71
3.09,-0.42,2.0,56.05
3.09,-0.43,2.0,55.38
3.08,-0.44,2.0,54.71
3.08,-0.44,2.0,54.04
3.07,-0.45,2.0,53.36
3.07,-0.46,2.0,52.67
3.06,-0.47,2.0,51.98
3.05,-0.48,2.0,51.29
3.05,-0.48,2.0,50.59
3.04,-0.49,2.0,49.88
3.03,-0.5,2.0,49.18
3.03,-0.51,2.0,48.46
3.02,-0.51,2.0,47.75
3.01,-0.52,2.0,47.02
3.01,-0.53,2.0,46.3
3.0,-0.54,2.0,45.57
2.99,-0.54,2.0,44.84
2.99,-0.55,2.0,44.1
2.98,-0.56,2.0,43.36
2.97,-0.56,2.0,42.61
2.96,-0.57,2.0,41.86
2.96,-0.58,2.0,41.11
2.95,-0.58,2.0,40.35
2.94,-0.59,2.0,39.59
2.93,-0.6,2.0,38.83
2.93,-0.6,2.0,38.06
2.92,-0.61,2.0,37.29
2.91,-0.61,2.0,36.52
2.9,-0.62,2.0,35.74
2.89,-0.63,2.0,34.96
2.89,-0.63,2.0,34.18
2.88,-0.64,2.0,33.39
2.87,-0.64,2.0,32.6
2.86,-0.65,2.0,31.81
2.85,-0.65,2.0,31.02
2.84,-0.66,2.0,30.22
2.83,-0.66,2.0,29.42
2.83,-0.67,2.0,28.62
2.82,-0.67,2.0,27.81
2.81,-0.68,2.0,27.0
2.8,-0.68,2.0,26.19
2.79,-0.69,2.0,25.38
2.78,-0.69,2.0,24.57
2.77,-0.69,2.0,23.75
2.76,-0.7,2.0,22.93
2.75,-0.7,2.0,22.11
2.74,-0.71,2.0,21.28
2.73,-0.71,2.0,20.46
2.73,-0.71,2.0,19.63
2.72,-0.72,2.0,18.8
2.71,-0.72,2.0,17.97
2.7,-0.72,2.0,17.14
2.69,-0.73,2.0,16.31
2.68,-0.73,2.0,15.47
2.67,-0.73,2.0,14.64
2.66,-0.73,2.0,13.8
2.65,-0.74,2.0,12.96
2.64,-0.74,2.0,12.12
2.63,-0.74,2.0,11.28
2.62,-0.74,2.0,10.44
2.61,-0.74,2.0,9.6
2.6,-0.74,2.0,8.75
2.59,-0.75,2.0,7.91
2.58,-0.75,2.0,7.06
2.57,-0.75,2.0,6.22
2.56,-0.75,2.0,5.37
2.55,-0.75,2.0,4.52
2.54,-0.75,2.0,3.67
2.53,-0.75,2.0,2.83
2.52,-0.75,2.0,1.98
2.51,-0.75,2.0,1.13
2.5,-0.75,2.0,0.28
2.49,-0.75,2.0,-0.57
2.48,-0.75,2.0,-1.41
2.47,-0.75,2.0,-2.26
2.46,-0.75,2.0,-3.11
2.45,-0.75,2.0,-3.96
2.44,-0.75,2.0,-4.8
2.43,-0.75,2.0,-5.65
2.42,-0.75,2.0,-6.5
2.41,-0.75,2.0,-7.34
2.4,-0.75,2.0,-8.19
2.39,-0.74,2.0,-9.03
2.38,-0.74,2.0,-9.88
2.37,-0.74,2.0,-10.72
2.36,-0.74,2.0,-11.56
2.35,-0.74,2.0,-12.4
2.34,-0.73,2.0,-13.24
2.33,-0.73,2.0,-14.08
2.32,-0.73,2.0,-14.92
2.31,-0.73,2.0,-15.75
2.3,-0.72,2.0,-16.59
2.29,-0.72,2.0,-17.42
2.28,-0.72,2.0,-18.25
2.27,-0.72,2.0,-19.08
2.26,-0.71,2.0,-19.91
2.26,-0.71,2.0,-20.74
2.25,-0.7,2.0,-21.56
2.24,-0.7,2.0,-22.38
2.23,-0.7,2.0,-23.2
2.22,-0.69,2.0,-24.02
2.21,-0.69,2.0,-24.84
2.2,-0.68,2.0,-25.65
2.19,-0.68,2.0,-26.46
2.18,-0.68,2.0,-27.27
2.17,-0.67,2.0,-28.08
2.16,-0.67,2.0,-28.88
2.16,-0.66,2.0,-29.69
2.15,-0.66,2.0,-30.49
2.14,-0.65,2.0,-31.28
2.13,-0.65,2.0,-32.08
2.12,-0.64,2.0,-32.87
2.11,-0.64,2.0,-33.66
2.11,-0.63,2.0,-34.44
2.1,-0.62,2.0,-35.22
2.09,-0.62,2.0,-36.0
2.08,-0.61,2.0,-36.78
2.07,-0.61,2.0,-37.55
2.06,-0.6,2.0,-38.32
2.06,-0.59,2.0,-39.09
2.05,-0.59,2.0,-39.85
2.04,-0.58,2.0,-40.61
2.03,-0.57,2.0,-41.36
2.03,-0.57,2.0,-42.11
2.02,-0.56,2.0,-42.86
2.01,-0.55,2.0,-43.61
2.0,-0.55,2.0,-44.35
2.0,-0.54,2.0,-45.08
1.99,-0.53,2.0,-45.81
1.98,-0.53,2.0,-46.54
1.98,-0.52,2.0,-47.27
1.97,-0.51,2.0,-47.99
1.96,-0.5,2.0,-48.7
1.96,-0.5,2.0,-49.41
1.95,-0.49,2.0,-50.12
1.94,-0.48,2.0,-50.82
1.94,-0.47,2.0,-51.52
1.93,-0.47,2.0,-52.21
1.93,-0.46,2.0,-52.9
1.92,-0.45,2.0,-53.58
1.91,-0.44,2.0,-54.26
1.91,-0.43,2.0,-54.94
1.9,-0.42,2.0,-55.61
1.9,-0.42,2.0,-56.27
1.89,-0.41,2.0,-56.93
1.89,-0.4,2.0,-57.59
1.88,-0.39,2.0,-58.24
1.88,-0.38,2.0,-58.88
1.87,-0.37,2.0,-59.52
1.87,-0.37,2.0,-60.15
1.86,-0.36,2.0,-60.78
1.86,-0.35,2.0,-61.4
1.85,-0.34,2.0,-62.02
1.85,-0.33,2.0,-62.63
1.84,-0.32,2.0,-63.24
1.84,-0.31,2.0,-63.84
1.83,-0.3,2.0,-64.43
1.83,-0.29,2.0,-65.02
1.82,-0.29,2.0,-65.61
1.82,-0.28,2.0,-66.18
1.82,-0.27,2.0,-66.76
1.81,-0.26,2.0,-67.32
1.81,-0.25,2.0,-67.88
1.8,-0.24,2.0,-68.44
1.8,-0.23,2.0,-68.98
1.8,-0.22,2.0,-69.53
1.79,-0.21,2.0,-70.06
1.79,-0.2,2.0,-70.59
1.79,-0.19,2.0,-71.11
1.78,-0.18,2.0,-71.63
1.78,-0.17,2.0,-72.14
1.78,-0.16,2.0,-72.64
1.78,-0.15,2.0,-73.14
1.77,-0.14,2.0,-73.63
1.77,-0.14,2.0,-74.12
1.77,-0.13,2.0,-74.6
1.76,-0.12,2.0,-75.07
1.76,-0.11,2.0,-75.53
1.76,-0.1,2.0,-75.99
1.76,-0.09,2.0,-76.44
1.75,-0.08,2.0,-76.88
1.75,-0.07,2.0,-77.32
1.75,-0.06,2.0,-77.75
1.75,-0.05,2.0,-78.18
1.75,-0.04,2.0,-78.59
1.74,-0.03,2.0,-79.0
1.74,-0.02,2.0,-79.41
1.74,-0.01,2.0,-79.8
1.74,0.0,2.0,-80.19
1.74,0.01,2.0,-80.57
1.74,0.02,2.0,-80.95
1.73,0.03,2.0,-81.31
1.73,0.04,2.0,-81.67
1.73,0.05,2.0,-82.03
1.73,0.06,2.0,-82.37
1.73,0.07,2.0,-82.71
1.73,0.08,2.0,-83.04
1.73,0.09,2.0,-83.36
1.72,0.1,2.0,-83.68
1.72,0.11,2.0,-83.99
1.72,0.12,2.0,-84.29
1.72,0.13,2.0,-84.58
1.72,0.14,2.0,-84.87
1.72,0.15,2.0,-85.15
1.72,0.16,2.0,-85.42
1.72,0.17,2.0,-85.68
1.72,0.18,2.0,-85.94
1.72,0.19,2.0,-86.19
1.72,0.2,2.0,-86.43
1.72,0.21,2.0,-86.66
1.72,0.22,2.0,-86.88
1.71,0.23,2.0,-87.1
1.71,0.24,2.0,-87.31
1.71,0.25,2.0,-87.51
1.71,0.26,2.0,-87.71
1.71,0.27,2.0,-87.89
1.71,0.28,2.0,-88.07
1.71,0.29,2.0,-88.24
1.71,0.3,2.0,-88.41
1.71,0.31,2.0,-88.56
1.71,0.32,2.0,-88.71
1.71,0.33,2.0,-88.85
1.71,0.34,2.0,-88.98
1.71,0.35,2.0,-89.1
1.71,0.36,2.0,-89.22
1.71,0.37,2.0,-89.33
1.71,0.38,2.0,-89.43
1.71,0.39,2.0,-89.52
1.71,0.4,2.0,-89.6
1.71,0.41,2.0,-89.68
1.71,0.42,2.0,-89.74
1.71,0.43,2.0,-89.8
1.71,0.44,2.0,-89.86
1.71,0.45,2.0,-89.9
1.71,0.46,2.0,-89.94
1.71,0.47,2.0,-89.96
1.71,0.48,2.0,-89.98
1.71,0.49,2.0,-90.0
1.71,0.5,2.0,-90.0
1.71,0.51,2.0,-90.0
1.71,0.52,2.0,-89.98
1.71,0.53,2.0,-89.96
1.71,0.54,2.0,-89.94
1.71,0.55,2.0,-89.9
1.71,0.56,2.0,-89.86
1.71,0.57,2.0,-89.8
1.71,0.58,2.0,-89.74
1.71,0.59,2.0,-89.68
1.71,0.6,2.0,-89.6
1.71,0.61,2.0,-89.52
1.71,0.62,2.0,-89.43
1.71,0.63,2.0,-89.33
1.71,0.64,2.0,-89.22
1.71,0.65,2.0,-89.1
1.71,0.66,2.0,-88.98
1.71,0.67,2.0,-88.85
1.71,0.68,2.0,-88.71
1.71,0.69,2.0,-88.56
1.71,0.7,2.0,-88.41
1.71,0.71,2.0,-88.24
1.71,0.72,2.0,-88.07
1.71,0.73,2.0,-87.89
1.71,0.74,2.0,-87.71
1.71,0.75,2.0,-87.51
1.71,0.76,2.0,-87.31
1.71,0.77,2.0,-87.1
1.7,0.78,2.0,-86.88
1.7,0.79,2.0,-86.66
1.7,0.8,2.0,-86.43
1.7,0.81,2.0,-86.19
1.7,0.82,2.0,-85.94
1.7,0.83,2.0,-85.68
1.7,0.84,2.0,-85.42
1.7,0.85,2.0,-85.15
1.7,0.86,2.0,-84.87
1.7,0.87,2.0,-84.58
1.7,0.88,2.0,-84.29
1.7,0.89,2.0,-83.99
1.7,0.9,2.0,-83.68
1.69,0.91,2.0,-83.36
1.69,0.92,2.0,-83.04
1.69,0.93,2.0,-82.71
1.69,0.94,2.0,-82.37
1.69,0.95,2.0,-82.03
1.69,0.96,2.0,-81.67
1.69,0.97,2.0,-81.31
1.68,0.98,2.0,-80.95
1.68,0.99,2.0,-80.57
1.68,1.0,2.0,-80.19
1.68,1.01,2.0,-79.8
1.68,1.02,2.0,-79.41
1.68,1.03,2.0,-79.0
1.67,1.04,2.0,-78.59
1.67,1.05,2.0,-78.18
1.67,1.06,2.0,-77.75
1.67,1.07,2.0,-77.32
1.67,1.08,2.0,-76.88
1.66,1.09,2.0,-76.44
1.66,1.1,2.0,-75.99
1.66,1.11,2.0,-75.53
1.66,1.12,2.0,-75.07
1.65,1.13,2.0,-74.6
1.65,1.14,2.0,-74.12
1.65,1.14,2.0,-73.63
1.64,1.15,2.0,-73.14
1.64,1.16,2.0,-72.64
1.64,1.17,2.0,-72.14
1.64,1.18,2.0,-71.63
1.63,1.19,2.0,-71.11
1.63,1.2,2.0,-70.59
1.63,1.21,2.0,-70.06
1.62,1.22,2.0,-69.53
1.62,1.23,2.0,-68.98
1.62,1.24,2.0,-68.44
1.61,1.25,2.0,-67.88
1.61,1.26,2.0,-67.32
1.6,1.27,2.0,-66.76
1.6,1.28,2.0,-66.18
1.6,1.29,2.0,-65.61
1.59,1.29,2.0,-65.02
1.59,1.3,2.0,-64.43
1.58,1.31,2.0,-63.84
1.58,1.32,2.0,-63.24
1.57,1.33,2.0,-62.63
1.57,1.34,2.0,-62.02
1.56,1.35,2.0,-61.4
1.56,1.36,2.0,-60.78
1.55,1.37,2.0,-60.15
1.55,1.37,2.0,-59.52
1.54,1.38,2.0,-58.88
1.54,1.39,2.0,-58.24
1.53,1.4,2.0,-57.59
1.53,1.41,2.0,-56.93
1.52,1.42,2.0,-56.27
1.52,1.42,2.0,-55.61
1.51,1.43,2.0,-54.94
1.51,1.44,2.0,-54.26
1.5,1.45,2.0,-53.58
1.49,1.46,2.0,-52.9
1.49,1.47,2.0,-52.21
1.48,1.47,2.0,-51.52
1.48,1.48,2.0,-50.82
1.47,1.49,2.0,-50.12
1.46,1.5,2.0,-49.41
1.46,1.5,2.0,-48.7
1.45,1.51,2.0,-47.99
1.44,1.52,2.0,-47.27
1.44,1.53,2.0,-46.54
1.43,1.53,2.0,-45.81
1.42,1.54,2.0,-45.08
1.42,1.55,2.0,-44.35
1.41,1.55,2.0,-43.61
1.4,1.56,2.0,-42.86
1.39,1.57,2.0,-42.11
1.39,1.57,2.0,-41.36
1.38,1.58,2.0,-40.61
1.37,1.59,2.0,-39.85
1.36,1.59,2.0,-39.09
1.36,1.6,2.0,-38.32
1.35,1.61,2.0,-37.55
1.34,1.61,2.0,-36.78
1.33,1.62,2.0,-36.0
1.32,1.62,2.0,-35.22
1.31,1.63,2.0,-34.44
1.31,1.64,2.0,-33.66
1.3,1.64,2.0,-32.87
1.29,1.65,2.0,-32.08
1.28,1.65,2.0,-31.28
1.27,1.66,2.0,-30.49
1.26,1.66,2.0,-29.69
1.26,1.67,2.0,-28.88
1.25,1.67,2.0,-28.08
1.24,1.68,2.0,-27.27
1.23,1.68,2.0,-26.46
1.22,1.68,2.0,-25.65
1.21,1.69,2.0,-24.84
1.2,1.69,2.0,-24.02
1.19,1.7,2.0,-23.2
1.18,1.7,2.0,-22.38
1.17,1.7,2.0,-21.56
1.16,1.71,2.0,-20.74
1.16,1.71,2.0,-19.91
1.15,1.72,2.0,-19.08
1.14,1.72,2.0,-18.25
1.13,1.72,2.0,-17.42
1.12,1.72,2.0,-16.59
1.11,1.73,2.0,-15.75
1.1,1.73,2.0,-14.92
1.09,1.73,2.0,-14.08
1.08,1.73,2.0,-13.24
1.07,1.74,2.0,-12.4
1.06,1.74,2.0,-11.56
1.05,1.74,2.0,-10.72
1.04,1.74,2.0,-9.88
1.03,1.74,2.0,-9.03
1.02,1.75,2.0,-8.19
1.01,1.75,2.0,-7.34
1.0,1.75,2.0,-6.5
0.99,1.75,2.0,-5.65
0.98,1.75,2.0,-4.8
0.97,1.75,2.0,-3.96
0.96,1.75,2.0,-3.11
0.95,1.75,2.0,-2.26
0.94,1.75,2.0,-1.41
0.93,1.75,2.0,-0.57
0.92,1.75,2.0,0.28
0.91,1.75,2.0,1.13
0.9,1.75,2.0,1.98
0.89,1.75,2.0,2.83
0.88,1.75,2.0,3.67
0.87,1.75,2.0,4.52
0.86,1.75,2.0,5.37
0.85,1.75,2.0,6.22
0.84,1.75,2.0,7.06
0.83,1.75,2.0,7.91
0.82,1.74,2.0,8.75
0.81,1.74,2.0,9.6
0.8,1.74,2.0,10.44
0.79,1.74,2.0,11.28
0.78,1.74,2.0,12.12
0.77,1.74,2.0,12.96
0.76,1.73,2.0,13.8
0.75,1.73,2.0,14.64
0.74,1.73,2.0,15.47
0.73,1.73,2.0,16.31
0.72,1.72,2.0,17.14
0.71,1.72,2.0,17.97
0.7,1.72,2.0,18.8
0.69,1.71,2.0,19.63
0.69,1.71,2.0,20.46
0.68,1.71,2.0,21.28
0.67,1.7,2.0,22.11
0.66,1.7,2.0,22.93
0.65,1.69,2.0,23.75
0.64,1.69,2.0,24.57
0.63,1.69,2.0,25.38
0.62,1.68,2.0,26.19
0.61,1.68,2.0,27.0
0.6,1.67,2.0,27.81
0.59,1.67,2.0,28.62
0.59,1.66,2.0,29.42
0.58,1.66,2.0,30.22
0.57,1.65,2.0,31.02
0.56,1.65,2.0,31.81
0.55,1.64,2.0,32.6
0.54,1.64,2.0,33.39
0.53,1.63,2.0,34.18
0.53,1.63,2.0,34.96
0.52,1.62,2.0,35.74
0.51,1.61,2.0,36.52
0.5,1.61,2.0,37.29
0.49,1.6,2.0,38.06
0.49,1.6,2.0,38.83
0.48,1.59,2.0,39.59
0.47,1.58,2.0,40.35
0.46,1.58,2.0,41.11
0.46,1.57,2.0,41.86
0.45,1.56,2.0,42.61
0.44,1.56,2.0,43.36
0.43,1.55,2.0,44.1
0.43,1.54,2.0,44.84
0.42,1.54,2.0,45.57
0.41,1.53,2.0,46.3
0.41,1.52,2.0,47.02
0.4,1.51,2.0,47.75
0.39,1.51,2.0,48.46
0.39,1.5,2.0,49.18
0.38,1.49,2.0,49.88
0.37,1.48,2.0,50.59
0.37,1.48,2.0,51.29
0.36,1.47,2.0,51.98
0.35,1.46,2.0,52.67
0.35,1.45,2.0,53.36
0.34,1.44,2.0,54.04
0.34,1.44,2.0,54.71
0.33,1.43,2.0,55.38
0.33,1.42,2.0,56.05
0.32,1.41,2.0,56.71
0.31,1.4,2.0,57.37
0.31,1.39,2.0,58.02
0.3,1.39,2.0,58.67
0.3,1.38,2.0,59.31
0.29,1.37,2.0,59.94
0.29,1.36,2.0,60.57
0.28,1.35,2.0,61.2
0.28,1.34,2.0,61.82
0.27,1.33,2.0,62.43
0.27,1.32,2.0,63.04
0.27,1.32,2.0,63.64
0.26,1.31,2.0,64.24
0.26,1.3,2.0,64.83
0.25,1.29,2.0,65.41
0.25,1.28,2.0,65.99
0.24,1.27,2.0,66.57
0.24,1.26,2.0,67.13
0.24,1.25,2.0,67.7
0.23,1.24,2.0,68.25
0.23,1.23,2.0,68.8
0.23,1.22,2.0,69.35
0.22,1.21,2.0,69.88
0.22,1.2,2.0,70.42
0.22,1.2,2.0,70.94
0.21,1.19,2.0,71.46
0.21,1.18,2.0,71.97
0.21,1.17,2.0,72.48
0.2,1.16,2.0,72.98
0.2,1.15,2.0,73.47
0.2,1.14,2.0,73.96
0.19,1.13,2.0,74.44
0.19,1.12,2.0,74.91
0.19,1.11,2.0,75.38
0.19,1.1,2.0,75.84
0.18,1.09,2.0,76.29
0.18,1.08,2.0,76.74
0.18,1.07,2.0,77.18
0.18,1.06,2.0,77.61
0.18,1.05,2.0,78.04
0.17,1.04,2.0,78.46
0.17,1.03,2.0,78.87
0.17,1.02,2.0,79.27
0.17,1.01,2.0,79.67
0.17,1.0,2.0,80.06
0.16,0.99,2.0,80.45
0.16,0.98,2.0,80.82
0.16,0.97,2.0,81.19
0.16,0.96,2.0,81.55
0.16,0.95,2.0,81.91
0.16,0.94,2.0,82.26
0.16,0.93,2.0,82.6
0.15,0.92,2.0,82.93
0.15,0.91,2.0,83.26
0.15,0.9,2.0,83.58
0.15,0.89,2.0,83.89
0.15,0.88,2.0,84.19
0.15,0.87,2.0,84.49
0.15,0.86,2.0,84.77
0.15,0.85,2.0,85.06
0.15,0.84,2.0,85.33
0.15,0.83,2.0,85.6
0.14,0.82,2.0,85.85
0.14,0.81,2.0,86.1
0.14,0.8,2.0,86.35
0.14,0.79,2.0,86.58
0.14,0.78,2.0,86.81
0.14,0.77,2.0,87.03
0.14,0.76,2.0,87.24
0.14,0.75,2.0,87.45
0.14,0.74,2.0,87.64
0.14,0.73,2.0,87.83
0.14,0.72,2.0,88.01
0.14,0.71,2.0,88.19
0.14,0.7,2.0,88.35
0.14,0.69,2.0,88.51
0.14,0.68,2.0,88.66
0.14,0.67,2.0,88.8
0.14,0.66,2.0,88.94
0.14,0.65,2.0,89.06
0.14,0.64,2.0,89.18
0.14,0.63,2.0,89.29
0.14,0.62,2.0,89.39
0.14,0.61,2.0,89.49
0.14,0.6,2.0,89.57
0.14,0.59,2.0,89.65
0.14,0.58,2.0,89.72
0.14,0.57,2.0,89.79
0.14,0.56,2.0,89.84
0.14,0.55,2.0,89.89
0.14,0.54,2.0,89.92
0.14,0.53,2.0,89.96
0.14,0.52,2.0,89.98
0.14,0.51,2.0,89.99
0.14,0.5,2.0,90.0
0.14,0.49,2.0,90.0
0.14,0.48,2.0,89.99
0.14,0.47,2.0,89.97
0.14,0.46,2.0,89.95
0.14,0.45,2.0,89.91
0.14,0.44,2.0,89.87
0.14,0.43,2.0,89.82
0.14,0.42,2.0,89.77
0.14,0.41,2.0,89.7
0.14,0.4,2.0,89.63
0.14,0.39,2.0,89.55
0.14,0.38,2.0,89.46
0.14,0.37,2.0,89.36
0.14,0.36,2.0,89.25
0.14,0.35,2.0,89.14
0.14,0.34,2.0,89.02
0.14,0.33,2.0,88.89
0.14,0.32,2.0,88.76
0.14,0.31,2.0,88.61
0.13,0.3,2.0,88.46
0.13,0.29,2.0,88.3
0.13,0.28,2.0,88.13
0.13,0.27,2.0,87.95
0.13,0.26,2.0,87.77
0.13,0.25,2.0,87.58
0.13,0.24,2.0,87.38
0.13,0.23,2.0,87.17
0.13,0.22,2.0,86.96
0.13,0.21,2.0,86.74
0.13,0.2,2.0,86.5
0.13,0.19,2.0,86.27
0.13,0.18,2.0,86.02
0.13,0.17,2.0,85.77
0.13,0.16,2.0,85.51
0.13,0.15,2.0,85.24
0.13,0.14,2.0,84.96
0.13,0.13,2.0,84.68
0.12,0.12,2.0,84.39
0.12,0.11,2.0,84.09
0.12,0.1,2.0,83.78
0.12,0.09,2.0,83.47
0.12,0.08,2.0,83.15
0.12,0.07,2.0,82.82
0.12,0.06,2.0,82.49
0.12,0.05,2.0,82.14
0.11,0.04,2.0,81.79
0.11,0.03,2.0,81.43
0.11,0.02,2.0,81.07
0.11,0.01,2.0,80.7
0.11,0.0,2.0,80.32
0.11,-0.01,2.0,79.93
0.11,-0.01,2.0,79.54
0.1,-0.02,2.0,79.14
0.1,-0.03,2.0,78.73
0.1,-0.04,2.0,78.32
0.1,-0.05,2.0,77.9
0.1,-0.06,2.0,77.47
0.09,-0.07,2.0,77.03
0.09,-0.08,2.0,76.59
0.09,-0.09,2.0,76.14
0.09,-0.1,2.0,75.69
0.08,-0.11,2.0,75.22
0.08,-0.12,2.0,74.75
0.08,-0.13,2.0,74.28
0.08,-0.14,2.0,73.8
0.07,-0.15,2.0,73.31
0.07,-0.16,2.0,72.81
0.07,-0.17,2.0,72.31
0.06,-0.18,2.0,71.8
0.06,-0.19,2.0,71.29
0.06,-0.2,2.0,70.77
0.05,-0.21,2.0,70.24
0.05,-0.22,2.0,69.71
0.05,-0.23,2.0,69.17
0.04,-0.24,2.0,68.62
0.04,-0.25,2.0,68.07
0.04,-0.25,2.0,67.51
0.03,-0.26,2.0,66.95
0.03,-0.27,2.0,66.38
0.02,-0.28,2.0,65.8
0.02,-0.29,2.0,65.22
0.02,-0.3,2.0,64.63
0.01,-0.31,2.0,64.04
0.01,-0.32,2.0,63.44
0.0,-0.33,2.0,62.83
-0.0,-0.34,2.0,62.22
-0.01,-0.34,2.0,61.61
-0.01,-0.35,2.0,60.99
-0.02,-0.36,2.0,60.36
-0.02,-0.37,2.0,59.73
-0.03,-0.38,2.0,59.09
-0.03,-0.39,2.0,58.45
-0.04,-0.4,2.0,57.8
-0.04,-0.41,2.0,57.15
-0.05,-0.41,2.0,56.49
-0.05,-0.42,2.0,55.83
-0.06,-0.43,2.0,55.16
-0.07,-0.44,2.0,54.49
-0.07,-0.45,2.0,53.81
-0.08,-0.45,2.0,53.13
-0.08,-0.46,2.0,52.44
-0.09,-0.47,2.0,51.75
-0.1,-0.48,2.0,51.05
-0.1,-0.49,2.0,50.35
-0.11,-0.49,2.0,49.65
-0.11,-0.5,2.0,48.94
-0.12,-0.51,2.0,48.22
-0.13,-0.52,2.0,47.51
-0.13,-0.52,2.0,46.78
-0.14,-0.53,2.0,46.06
-0.15,-0.54,2.0,45.33
-0.16,-0.54,2.0,44.59
-0.16,-0.55,2.0,43.85
-0.17,-0.56,2.0,43.11
-0.18,-0.57,2.0,42.36
-0.19,-0.57,2.0,41.61
-0.19,-0.58,2.0,40.86
-0.2,-0.59,2.0,40.1
-0.21,-0.59,2.0,39.34
-0.22,-0.6,2.0,38.58
-0.22,-0.6,2.0,37.81
-0.23,-0.61,2.0,37.04
-0.24,-0.62,2.0,36.26
-0.25,-0.62,2.0,35.48
-0.26,-0.63,2.0,34.7
-0.26,-0.63,2.0,33.92
-0.27,-0.64,2.0,33.13
-0.28,-0.64,2.0,32.34
-0.29,-0.65,2.0,31.55
-0.3,-0.65,2.0,30.75
-0.31,-0.66,2.0,29.95
-0.32,-0.66,2.0,29.15
-0.32,-0.67,2.0,28.35
-0.33,-0.67,2.0,27.54
-0.34,-0.68,2.0,26.73
-0.35,-0.68,2.0,25.92
-0.36,-0.69,2.0,25.11
-0.37,-0.69,2.0,24.29
-0.38,-0.7,2.0,23.48
-0.39,-0.7,2.0,22.66
-0.4,-0.7,2.0,21.83
-0.41,-0.71,2.0,21.01
-0.41,-0.71,2.0,20.18
-0.42,-0.71,2.0,19.36
-0.43,-0.72,2.0,18.53
-0.44,-0.72,2.0,17.7
-0.45,-0.72,2.0,16.86
-0.46,-0.73,2.0,16.03
-0.47,-0.73,2.0,15.2
-0.48,-0.73,2.0,14.36
-0.49,-0.73,2.0,13.52
-0.5,-0.74,2.0,12.68
-0.51,-0.74,2.0,11.84
-0.52,-0.74,2.0,11.0
-0.53,-0.74,2.0,10.16
-0.54,-0.74,2.0,9.31
-0.55,-0.75,2.0,8.47
-0.56,-0.75,2.0,7.62
-0.57,-0.75,2.0,6.78
-0.58,-0.75,2.0,5.93
-0.59,-0.75,2.0,5.09
-0.6,-0.75,2.0,4.24
-0.61,-0.75,2.0,3.39
-0.62,-0.75,2.0,2.54
-0.63,-0.75,2.0,1.7
-0.64,-0.75,2.0,0.85
-0.65,-0.75,2.0,0.0
-0.66,-0.75,2.0,-0.85
-0.67,-0.75,2.0,-1.7
-0.68,-0.75,2.0,-2.54
-0.69,-0.75,2.0,-3.39
-0.7,-0.75,2.0,-4.24
-0.71,-0.75,2.0,-5.09
-0.72,-0.75,2.0,-5.93
-0.73,-0.75,2.0,-6.78
-0.74,-0.75,2.0,-7.62
-0.75,-0.75,2.0,-8.47
-0.76,-0.74,2.0,-9.31
-0.77,-0.74,2.0,-10.16
-0.78,-0.74,2.0,-11.0
-0.79,-0.74,2.0,-11.84
-0.8,-0.74,2.0,-12.68
-0.81,-0.73,2.0,-13.52
-0.82,-0.73,2.0,-14.36
-0.83,-0.73,2.0,-15.2
-0.84,-0.73,2.0,-16.03
-0.85,-0.72,2.0,-16.86
-0.86,-0.72,2.0,-17.7
-0.87,-0.72,2.0,-18.53
-0.88,-0.71,2.0,-19.36
-0.89,-0.71,2.0,-20.18
-0.89,-0.71,2.0,-21.01
-0.9,-0.7,2.0,-21.83
-0.91,-0.7,2.0,-22.66
-0.92,-0.7,2.0,-23.48
-0.93,-0.69,2.0,-24.29
-0.94,-0.69,2.0,-25.11
-0.95,-0.68,2.0,-25.92
-0.96,-0.68,2.0,-26.73
-0.97,-0.67,2.0,-27.54
-0.98,-0.67,2.0,-28.35
-0.98,-0.66,2.0,-29.15
-0.99,-0.66,2.0,-29.95
-1.0,-0.65,2.0,-30.75
-1.01,-0.65,2.0,-31.55
-1.02,-0.64,2.0,-32.34
-1.03,-0.64,2.0,-33.13
-1.04,-0.63,2.0,-33.92
-1.04,-0.63,2.0,-34.7
-1.05,-0.62,2.0,-35.48
-1.06,-0.62,2.0,-36.26
-1.07,-0.61,2.0,-37.04
-1.08,-0.6,2.0,-37.81
-1.08,-0.6,2.0,-38.58
-1.09,-0.59,2.0,-39.34
-1.1,-0.59,2.0,-40.1
-1.11,-0.58,2.0,-40.86
-1.11,-0.57,2.0,-41.61
-1.12,-0.57,2.0,-42.36
-1.13,-0.56,2.0,-43.11
-1.14,-0.55,2.0,-43.85
-1.14,-0.54,2.0,-44.59
-1.15,-0.54,2.0,-45.33
-1.16,-0.53,2.0,-46.06
-1.17,-0.52,2.0,-46.78
-1.17,-0.52,2.0,-47.51
-1.18,-0.51,2.0,-48.22
-1.19,-0.5,2.0,-48.94
-1.19,-0.49,2.0,-49.65
-1.2,-0.49,2.0,-50.35
-1.2,-0.48,2.0,-51.05
-1.21,-0.47,2.0,-51.75
-1.22,-0.46,2.0,-52.44
-1.22,-0.45,2.0,-53.13
-1.23,-0.45,2.0,-53.81
-1.23,-0.44,2.0,-54.49
-1.24,-0.43,2.0,-55.16
-1.25,-0.42,2.0,-55.83
-1.25,-0.41,2.0,-56.49
-1.26,-0.41,2.0,-57.15
-1.26,-0.4,2.0,-57.8
-1.27,-0.39,2.0,-58.45
-1.27,-0.38,2.0,-59.09
-1.28,-0.37,2.0,-59.73
-1.28,-0.36,2.0,-60.36
-1.29,-0.35,2.0,-60.99
-1.29,-0.34,2.0,-61.61
-1.3,-0.34,2.0,-62.22
-1.3,-0.33,2.0,-62.83
-1.31,-0.32,2.0,-63.44
-1.31,-0.31,2.0,-64.04
-1.32,-0.3,2.0,-64.63
-1.32,-0.29,2.0,-65.22
-1.32,-0.28,2.0,-65.8
-1.33,-0.27,2.0,-66.38
-1.33,-0.26,2.0,-66.95
-1.34,-0.25,2.0,-67.51
-1.34,-0.25,2.0,-68.07
-1.34,-0.24,2.0,-68.62
-1.35,-0.23,2.0,-69.17
-1.35,-0.22,2.0,-69.71
-1.35,-0.21,2.0,-70.24
-1.36,-0.2,2.0,-70.77
-1.36,-0.19,2.0,-71.29
-1.36,-0.18,2.0,-71.8
-1.37,-0.17,2.0,-72.31
-1.37,-0.16,2.0,-72.81
-1.37,-0.15,2.0,-73.31
-1.38,-0.14,2.0,-73.8
-1.38,-0.13,2.0,-74.28
-1.38,-0.12,2.0,-74.75
-1.38,-0.11,2.0,-75.22
-1.39,-0.1,2.0,-75.69
-1.39,-0.09,2.0,-76.14
-1.39,-0.08,2.0,-76.59
-1.39,-0.07,2.0,-77.03
-1.4,-0.06,2.0,-77.47
-1.4,-0.05,2.0,-77.9
-1.4,-0.04,2.0,-78.32
-1.4,-0.03,2.0,-78.73
-1.4,-0.02,2.0,-79.14
-1.41,-0.01,2.0,-79.54
-1.41,-0.01,2.0,-79.93
-1.41,0.0,2.0,-80.32
-1.41,0.01,2.0,-80.7
-1.41,0.02,2.0,-81.07
-1.41,0.03,2.0,-81.43
-1.41,0.04,2.0,-81.79
-1.42,0.05,2.0,-82.14
-1.42,0.06,2.0,-82.49
-1.42,0.07,2.0,-82.82
-1.42,0.08,2.0,-83.15
-1.42,0.09,2.0,-83.47
-1.42,0.1,2.0,-83.78
-1.42,0.11,2.0,-84.09
-1.42,0.12,2.0,-84.39
-1.43,0.13,2.0,-84.68
-1.43,0.14,2.0,-84.96
-1.43,0.15,2.0,-85.24
-1.43,0.16,2.0,-85.51
-1.43,0.17,2.0,-85.77
-1.43,0.18,2.0,-86.02
-1.43,0.19,2.0,-86.27
-1.43,0.2,2.0,-86.5
-1.43,0.21,2.0,-86.74
-1.43,0.22,2.0,-86.96
-1.43,0.23,2.0,-87.17
-1.43,0.24,2.0,-87.38
-1.43,0.25,2.0,-87.58
-1.43,0.26,2.0,-87.77
-1.43,0.27,2.0,-87.95
-1.43,0.28,2.0,-88.13
-1.43,0.29,2.0,-88.3
-1.43,0.3,2.0,-88.46
-1.44,0.31,2.0,-88.61
-1.44,0.32,2.0,-88.76
-1.44,0.33,2.0,-88.89
-1.44,0.34,2.0,-89.02
-1.44,0.35,2.0,-89.14
-1.44,0.36,2.0,-89.25
-1.44,0.37,2.0,-89.36
-1.44,0.38,2.0,-89.46
-1.44,0.39,2.0,-89.55
-1.44,0.4,2.0,-89.63
-1.44,0.41,2.0,-89.7
-1.44,0.42,2.0,-89.77
-1.44,0.43,2.0,-89.82
-1.44,0.44,2.0,-89.87
-1.44,0.45,2.0,-89.91
-1.44,0.46,2.0,-89.95
-1.44,0.47,2.0,-89.97
-1.44,0.48,2.0,-89.99
-1.44,0.49,2.0,-90.0
-1.44,0.5,2.0,-90.0
-1.44,0.51,2.0,-89.99
-1.44,0.52,2.0,-89.98
-1.44,0.53,2.0,-89.96
-1.44,0.54,2.0,-89.92
-1.44,0.55,2.0,-89.89
-1.44,0.56,2.0,-89.84
-1.44,0.57,2.0,-89.79
-1.44,0.58,2.0,-89.72
-1.44,0.59,2.0,-89.65
-1.44,0.6,2.0,-89.57
-1.44,0.61,2.0,-89.49
-1.44,0.62,2.0,-89.39
-1.44,0.63,2.0,-89.29
-1.44,0.64,2.0,-89.18
-1.44,0.65,2.0,-89.06
-1.44,0.66,2.0,-88.94
-1.44,0.67,2.0,-88.8
-1.44,0.68,2.0,-88.66
-1.44,0.69,2.0,-88.51
-1.44,0.7,2.0,-88.35
-1.44,0.71,2.0,-88.19
-1.44,0.72,2.0,-88.01
-1.44,0.73,2.0,-87.83
-1.44,0.74,2.0,-87.64
-1.44,0.75,2.0,-87.45
-1.44,0.76,2.0,-87.24
-1.44,0.77,2.0,-87.03
-1.44,0.78,2.0,-86.81
-1.44,0.79,2.0,-86.58
-1.44,0.8,2.0,-86.35
-1.44,0.81,2.0,-86.1
-1.44,0.82,2.0,-85.85
-1.45,0.83,2.0,-85.6
-1.45,0.84,2.0,-85.33
-1.45,0.85,2.0,-85.06
-1.45,0.86,2.0,-84.77
-1.45,0.87,2.0,-84.49
-1.45,0.88,2.0,-84.19
-1.45,0.89,2.0,-83.89
-1.45,0.9,2.0,-83.58
-1.45,0.91,2.0,-83.26
-1.45,0.92,2.0,-82.93
-1.46,0.93,2.0,-82.6
-1.46,0.94,2.0,-82.26
-1.46,0.95,2.0,-81.91
-1.46,0.96,2.0,-81.55
-1.46,0.97,2.0,-81.19
-1.46,0.98,2.0,-80.82
-1.46,0.99,2.0,-80.45
-1.47,1.0,2.0,-80.06
-1.47,1.01,2.0,-79.67
-1.47,1.02,2.0,-79.27
-1.47,1.03,2.0,-78.87
-1.47,1.04,2.0,-78.46
-1.48,1.05,2.0,-78.04
-1.48,1.06,2.0,-77.61
-1.48,1.07,2.0,-77.18
-1.48,1.08,2.0,-76.74
-1.48,1.09,2.0,-76.29
-1.49,1.1,2.0,-75.84
-1.49,1.11,2.0,-75.38
-1.49,1.12,2.0,-74.91
-1.49,1.13,2.0,-74.44
-1.5,1.14,2.0,-73.96
-1.5,1.15,2.0,-73.47
-1.5,1.16,2.0,-72.98
-1.51,1.17,2.0,-72.48
-1.51,1.18,2.0,-71.97
-1.51,1.19,2.0,-71.46
-1.52,1.2,2.0,-70.94
-1.52,1.2,2.0,-70.42
-1.52,1.21,2.0,-69.88
-1.53,1.22,2.0,-69.35
-1.53,1.23,2.0,-68.8
-1.53,1.24,2.0,-68.25
-1.54,1.25,2.0,-67.7
-1.54,1.26,2.0,-67.13
-1.54,1.27,2.0,-66.57
-1.55,1.28,2.0,-65.99
-1.55,1.29,2.0,-65.41
-1.56,1.3,2.0,-64.83
-1.56,1.31,2.0,-64.24
-1.57,1.32,2.0,-63.64
-1.57,1.32,2.0,-63.04
-1.57,1.33,2.0,-62.43
-1.58,1.34,2.0,-61.82
-1.58,1.35,2.0,-61.2
-1.59,1.36,2.0,-60.57
-1.59,1.37,2.0,-59.94
-1.6,1.38,2.0,-59.31
-1.6,1.39,2.0,-58.67
-1.61,1.39,2.0,-58.02
-1.61,1.4,2.0,-57.37
-1.62,1.41,2.0,-56.71
-1.63,1.42,2.0,-56.05
-1.63,1.43,2.0,-55.38
-1.64,1.44,2.0,-54.71
-1.64,1.44,2.0,-54.04
-1.65,1.45,2.0,-53.36
-1.65,1.46,2.0,-52.67
-1.66,1.47,2.0,-51.98
-1.67,1.48,2.0,-51.29
-1.67,1.48,2.0,-50.59
-1.68,1.49,2.0,-49.88
-1.69,1.5,2.0,-49.18
-1.69,1.51,2.0,-48.46
-1.7,1.51,2.0,-47.75
-1.71,1.52,2.0,-47.02
-1.71,1.53,2.0,-46.3
-1.72,1.54,2.0,-45.57
-1.73,1.54,2.0,-44.84
-1.73,1.55,2.0,-44.1
-1.74,1.56,2.0,-43.36
-1.75,1.56,2.0,-42.61
-1.76,1.57,2.0,-41.86
-1.76,1.58,2.0,-41.11
-1.77,1.58,2.0,-40.35
-1.78,1.59,2.0,-39.59
-1.79,1.6,2.0,-38.83
-1.79,1.6,2.0,-38.06
-1.8,1.61,2.0,-37.29
-1.81,1.61,2.0,-36.52
-1.82,1.62,2.0,-35.74
-1.83,1.63,2.0,-34.96
-1.83,1.63,2.0,-34.18
-1.84,1.64,2.0,-33.39
-1.85,1.64,2.0,-32.6
-1.86,1.65,2.0,-31.81
-1.87,1.65,2.0,-31.02
-1.88,1.66,2.0,-30.22
-1.89,1.66,2.0,-29.42
-1.89,1.67,2.0,-28.62
-1.9,1.67,2.0,-27.81
-1.91,1.68,2.0,-27.0
-1.92,1.68,2.0,-26.19
-1.93,1.69,2.0,-25.38
-1.94,1.69,2.0,-24.57
-1.95,1.69,2.0,-23.75
-1.96,1.7,2.0,-22.93
-1.97,1.7,2.0,-22.11
-1.98,1.71,2.0,-21.28
-1.99,1.71,2.0,-20.46
-1.99,1.71,2.0,-19.63
-2.0,1.72,2.0,-18.8
-2.01,1.72,2.0,-17.97
-2.02,1.72,2.0,-17.14
-2.03,1.73,2.0,-16.31
-2.04,1.73,2.0,-15.47
-2.05,1.73,2.0,-14.64
-2.06,1.73,2.0,-13.8
-2.07,1.74,2.0,-12.96
-2.08,1.74,2.0,-12.12
-2.09,1.74,2.0,-11.28
-2.1,1.74,2.0,-10.44
-2.11,1.74,2.0,-9.6
-2.12,1.74,2.0,-8.75
-2.13,1.75,2.0,-7.91
-2.14,1.75,2.0,-7.06
-2.15,1.75,2.0,-6.22
-2.16,1.75,2.0,-5.37
-2.17,1.75,2.0,-4.52
-2.18,1.75,2.0,-3.67
-2.19,1.75,2.0,-2.83
-2.2,1.75,2.0,-1.98
-2.21,1.75,2.0,-1.13
-2.22,1.75,2.0,-0.28
-2.23,1.75,2.0,0.57
-2.24,1.75,2.0,1.41
-2.25,1.75,2.0,2.26
-2.26,1.75,2.0,3.11
-2.27,1.75,2.0,3.96
-2.28,1.75,2.0,4.8
-2.29,1.75,2.0,5.65
-2.3,1.75,2.0,6.5
-2.31,1.75,2.0,7.34
-2.32,1.75,2.0,8.19
-2.33,1.74,2.0,9.03
-2.34,1.74,2.0,9.88
-2.35,1.74,2.0,10.72
-2.36,1.74,2.0,11.56
-2.37,1.74,2.0,12.4
-2.38,1.73,2.0,13.24
-2.39,1.73,2.0,14.08
-2.4,1.73,2.0,14.92
-2.41,1.73,2.0,15.75
-2.42,1.72,2.0,16.59
-2.43,1.72,2.0,17.42
-2.44,1.72,2.0,18.25
-2.45,1.72,2.0,19.08
-2.46,1.71,2.0,19.91
-2.46,1.71,2.0,20.74
-2.47,1.7,2.0,21.56
-2.48,1.7,2.0,22.38
-2.49,1.7,2.0,23.2
-2.5,1.69,2.0,24.02
-2.51,1.69,2.0,24.84
-2.52,1.68,2.0,25.65
-2.53,1.68,2.0,26.46
-2.54,1.68,2.0,27.27
-2.55,1.67,2.0,28.08
-2.56,1.67,2.0,28.88
-2.56,1.66,2.0,29.69
-2.57,1.66,2.0,30.49
-2.58,1.65,2.0,31.28
-2.59,1.65,2.0,32.08
-2.6,1.64,2.0,32.87
-2.61,1.64,2.0,33.66
-2.61,1.63,2.0,34.44
-2.62,1.62,2.0,35.22
-2.63,1.62,2.0,36.0
-2.64,1.61,2.0,36.78
-2.65,1.61,2.0,37.55
-2.66,1.6,2.0,38.32
-2.66,1.59,2.0,39.09
-2.67,1.59,2.0,39.85
-2.68,1.58,2.0,40.61
-2.69,1.57,2.0,41.36
-2.69,1.57,2.0,42.11
-2.7,1.56,2.0,42.86
-2.71,1.55,2.0,43.61
-2.72,1.55,2.0,44.35
-2.72,1.54,2.0,45.08
-2.73,1.53,2.0,45.81
-2.74,1.53,2.0,46.54
-2.74,1.52,2.0,47.27
-2.75,1.51,2.0,47.99
-2.76,1.5,2.0,48.7
-2.76,1.5,2.0,49.41
-2.77,1.49,2.0,50.12
-2.78,1.48,2.0,50.82
-2.78,1.47,2.0,51.52
-2.79,1.47,2.0,52.21
-2.79,1.46,2.0,52.9
-2.8,1.45,2.0,53.58
-2.81,1.44,2.0,54.26
-2.81,1.43,2.0,54.94
-2.82,1.42,2.0,55.61
-2.82,1.42,2.0,56.27
-2.83,1.41,2.0,56.93
-2.83,1.4,2.0,57.59
-2.84,1.39,2.0,58.24
-2.84,1.38,2.0,58.88
-2.85,1.37,2.0,59.52
-2.85,1.37,2.0,60.15
-2.86,1.36,2.0,60.78
-2.86,1.35,2.0,61.4
-2.87,1.34,2.0,62.02
-2.87,1.33,2.0,62.63
-2.88,1.32,2.0,63.24
-2.88,1.31,2.0,63.84
-2.89,1.3,2.0,64.43
-2.89,1.29,2.0,65.02
-2.9,1.29,2.0,65.61
-2.9,1.28,2.0,66.18
-2.9,1.27,2.0,66.76
-2.91,1.26,2.0,67.32
-2.91,1.25,2.0,67.88
-2.92,1.24,2.0,68.44
-2.92,1.23,2.0,68.98
-2.92,1.22,2.0,69.53
-2.93,1.21,2.0,70.06
-2.93,1.2,2.0,70.59
-2.93,1.19,2.0,71.11
-2.94,1.18,2.0,71.63
-2.94,1.17,2.0,72.14
-2.94,1.16,2.0,72.64
-2.94,1.15,2.0,73.14
-2.95,1.14,2.0,73.63
-2.95,1.14,2.0,74.12
-2.95,1.13,2.0,74.6
-2.96,1.12,2.0,75.07
-2.96,1.11,2.0,75.53
-2.96,1.1,2.0,75.99
-2.96,1.09,2.0,76.44
-2.97,1.08,2.0,76.88
-2.97,1.07,2.0,77.32
-2.97,1.06,2.0,77.75
-2.97,1.05,2.0,78.18
-2.97,1.04,2.0,78.59
-2.98,1.03,2.0,79.0
-2.98,1.02,2.0,79.41
-2.98,1.01,2.0,79.8
-2.98,1.0,2.0,80.19
-2.98,0.99,2.0,80.57
-2.98,0.98,2.0,80.95
-2.99,0.97,2.0,81.31
-2.99,0.96,2.0,81.67
-2.99,0.95,2.0,82.03
-2.99,0.94,2.0,82.37
-2.99,0.93,2.0,82.71
-2.99,0.92,2.0,83.04
-2.99,0.91,2.0,83.36
-3.0,0.9,2.0,83.68
-3.0,0.89,2.0,83.99
-3.0,0.88,2.0,84.29
-3.0,0.87,2.0,84.58
-3.0,0.86,2.0,84.87
-3.0,0.85,2.0,85.15
-3.0,0.84,2.0,85.42
-3.0,0.83,2.0,85.68
-3.0,0.82,2.0,85.94
-3.0,0.81,2.0,86.19
-3.0,0.8,2.0,86.43
-3.0,0.79,2.0,86.66
-3.0,0.78,2.0,86.88
-3.01,0.77,2.0,87.1
-3.01,0.76,2.0,87.31
-3.01,0.75,2.0,87.51
-3.01,0.74,2.0,87.71
-3.01,0.73,2.0,87.89
-3.01,0.72,2.0,88.07
-3.01,0.71,2.0,88.24
-3.01,0.7,2.0,88.41
-3.01,0.69,2.0,88.56
-3.01,0.68,2.0,88.71
-3.01,0.67,2.0,88.85
-3.01,0.66,2.0,88.98
-3.01,0.65,2.0,89.1
-3.01,0.64,2.0,89.22
-3.01,0.63,2.0,89.33
-3.01,0.62,2.0,89.43
-3.01,0.61,2.0,89.52
-3.01,0.6,2.0,89.6
-3.01,0.59,2.0,89.68
-3.01,0.58,2.0,89.74
-3.01,0.57,2.0,89.8
-3.01,0.56,2.0,89.86
-3.01,0.55,2.0,89.9
-3.01,0.54,2.0,89.94
-3.01,0.53,2.0,89.96
-3.01,0.52,2.0,89.98
-3.01,0.51,2.0,90.0
-3.01,0.5,2.0,90.0
